Incident Number,Call Type,Incident Date,Location,Beat,Reporting District,Received Time,Cleared Time,Disposition,Latitude,Longitude,Map Point,Census Block 2000 GeoId,Census Tract 2000 GeoId,Census Block 2010 GeoId,Census Tract 2010 GeoId
150128657,Citizen Flag,10/01/2015,1500BLK 2ND ST,B001,0B1L,10/01/2015 11:46:11 PM,10/01/2015 11:56:02 PM,Advisal,34.012875693762759,-118.494694984691,"(34.0128756937628, -118.494694984691)",,,060377019022017,06037701902
150128656,Periodic Check,10/01/2015,3400BLK AIRPORT AVE,B002,0B2D,10/01/2015 11:45:02 PM,10/01/2015 11:52:30 PM,Checks Okay,34.01668816232781,-118.4447317718511,"(34.0166881623278, -118.444731771851)",,,060377023002031,06037702300
150128655,Periodic Check,10/01/2015,2400BLK WILSHIRE BLVD,B004,0B4F,10/01/2015 11:43:16 PM,10/01/2015 11:52:35 PM,Checks Okay,34.034697584519044,-118.47907519901689,"(34.034697584519, -118.479075199017)",,,060377016013007,06037701601
150128654,Traffic/Vehicle Stop,10/01/2015,2500BLK MAIN ST,B001,0B1F,10/01/2015 11:40:39 PM,10/01/2015 11:52:22 PM,Citation/Oth Enforcement,34.00362653810096,-118.48521368750403,"(34.003626538101, -118.485213687504)",,,060377020022013,06037702002
150128653,Audible Burglar Alarm,10/01/2015,600BLK ASHLAND AVE,B002,0B2A,10/01/2015 11:40:00 PM,10/01/2015 11:58:01 PM,Gone on Arrival,34.003251079123245,-118.47564691076079,"(34.0032510791232, -118.475646910761)",,,060377021023005,06037702102
150128652,Disturbance of the Peace,10/01/2015,1000BLK WILSHIRE BLVD,B003,0B3A,10/01/2015 11:38:58 PM,10/02/2015 12:24:07 AM,Field Interview,34.024093576746672,-118.49215124549653,"(34.0240935767467, -118.492151245497)",,,060377015023003,06037701502
150128651,Pedestrian Stop,10/01/2015,1500BLK OCEAN FRONT WALK,B001,0B1C,10/01/2015 11:32:09 PM,10/01/2015 11:35:43 PM,Field Interview,34.0112173495333,-118.49672506160563,"(34.0112173495333, -118.496725061606)",,,060377019023030,06037701902
150128650,Periodic Check,10/01/2015,1800BLK LINCOLN BLVD ,B003,0B3D,10/01/2015 11:29:55 PM,10/01/2015 11:34:49 PM,Checks Okay,34.013078800203992,-118.48387665564066,"(34.013078800204, -118.483876655641)",,,060377019023023,06037701902
150128649,Family Disturbance,10/01/2015,700BLK CEDAR ST,B002,0B2A,10/01/2015 11:28:08 PM,10/01/2015 11:36:02 PM,Advisal,34.008202811014193,-118.47920687526776,"(34.0082028110142, -118.479206875268)",,,060377020023007,06037702002
150128648,Check Temporary No Parking Signs,10/01/2015,1100BLK YALE ST,B004,0B4F,10/01/2015 11:27:31 PM,10/01/2015 11:46:37 PM,Checks Okay,34.038999161530107,-118.47547860674202,"(34.0389991615301, -118.475478606742)",,,060377016012016,06037701601
150128647,Periodic Check,10/01/2015,1100BLK LINCOLN BLVD,B001,0B1M,10/01/2015 11:21:30 PM,10/01/2015 11:36:26 PM,Checks Okay,34.023501986409919,-118.49607035612145,"(34.0235019864099, -118.496070356121)",,,060377014024009,06037701402
150128645,Audible Burglar Alarm,10/01/2015,200BLK SANTA MONICA PL,B001,0B1K,10/01/2015 11:18:02 PM,10/01/2015 11:45:52 PM,Checks Okay,0,0,"(0, 0)",,,060377019022014,06037701902
150128644,Family Disturbance,10/01/2015,OCEAN AVE / COLORADO AVE,B001,0B1G,10/01/2015 11:17:08 PM,10/01/2015 11:31:56 PM,Advisal,34.011421656841129,-118.49487612103148,"(34.0114216568411, -118.494876121031)",,,060377019023040,06037701902
150128643,Found Property,10/01/2015,1000BLK 6TH ST,B004,0B4D,10/01/2015 11:13:58 PM,10/02/2015 07:35:25 AM,Report,34.022713639475143,-118.49883249933805,"(34.0227136394751, -118.498832499338)",,,060377014024003,06037701402
150128642,Periodic Check,10/01/2015,2200BLK VIRGINIA AVE,B003,0B3E,10/01/2015 11:13:28 PM,10/01/2015 11:23:58 PM,Checks Okay,34.022070290850316,-118.46872565890843,"(34.0220702908503, -118.468725658908)",,,060377018015020,06037701801
150128641,Strongarm Robbery Report,10/01/2015,2200-280 THE BEACH,B001,0B1E,10/01/2015 11:12:59 PM,10/02/2015 12:17:09 AM,Report,0,0,"(0, 0)",,,060377021021003,06037702102
150128640,Audible Burglar Alarm,10/01/2015,3100BLK WILSHIRE BLVD ,B004,0B4F,10/01/2015 11:12:13 PM,10/01/2015 11:16:04 PM,Cancelled,34.039815087849526,-118.47275554026552,"(34.0398150878495, -118.472755540266)",,,060377016021009,06037701602
150128639,Audible Burglar Alarm,10/01/2015,900BLK 22ND ST,B004,0B4F,10/01/2015 11:07:32 PM,10/01/2015 11:08:56 PM,Cancelled,34.036315749124547,-118.48526232030099,"(34.0363157491245, -118.485262320301)",,,060377012021015,06037701202
150128638,Found Property,10/01/2015,1500BLK THE BEACH,B001,0B1B,10/01/2015 11:04:00 PM,10/01/2015 11:04:00 PM,File Only,0,0,"(0, 0)",,,060377019023030,06037701902
150128637,Found Property,10/01/2015,300BLK SANTA MONICA PIER,B001,0B1D,10/01/2015 11:03:41 PM,10/01/2015 11:03:41 PM,File Only,34.009354307839537,-118.49742272453651,"(34.0093543078395, -118.497422724537)",,,060377019023030,06037701902
150128636,Audible Burglar Alarm,10/01/2015,1200BLK 3RD STREET PROM ,B001,0B1K,10/01/2015 10:59:48 PM,10/01/2015 11:21:09 PM,Checks Okay,34.017663280103314,-118.49844373034448,"(34.0176632801033, -118.498443730344)",,,060377019022004,06037701902
150128634,Periodic Check,10/01/2015,600BLK WILSHIRE BLVD ,B001,0B1J,10/01/2015 10:52:02 PM,10/02/2015 12:11:48 AM,Field Interview,34.021027877345176,-118.4959348614839,"(34.0210278773452, -118.495934861484)",,,060377019021004,06037701902
150128633,Periodic Check,10/01/2015,1200BLK WILSHIRE BLVD,B003,0B3A,10/01/2015 10:48:45 PM,10/01/2015 10:52:37 PM,Checks Okay,34.025627851326909,-118.49026047850443,"(34.0256278513269, -118.490260478504)",,,060377015022006,06037701502
150128632,Status Check,10/01/2015,2700BLK 6TH ST,B002,0B2A,10/01/2015 10:48:39 PM,10/01/2015 11:16:26 PM,Checks Okay,34.003674023862224,-118.47784371659783,"(34.0036740238622, -118.477843716598)",,,060377021027000,06037702102
150128631,Traffic/Vehicle Stop,10/01/2015,17TH ST / CALIFORNIA AVE,B004,0B4E,10/01/2015 10:41:19 PM,10/01/2015 10:51:55 PM,Advisal,34.030454257938395,-118.48762140685098,"(34.0304542579384, -118.487621406851)",,,060377015011009,06037701501
150128597,Traffic Accident - No Injuries City Prop Involved,10/01/2015,LINCOLN BLVD / PEARL ST,B002,0B2A,10/01/2015 08:49:29 PM,10/01/2015 09:29:05 PM,Other,34.009543360451346,-118.47958589530339,"(34.0095433604513, -118.479585895303)",,,060377020023006,06037702002
150128595,Pedestrian Stop,10/01/2015,1400BLK LINCOLN BLVD,B001,0B1J,10/01/2015 08:42:37 PM,10/01/2015 08:57:13 PM,Field Interview,34.019441945765536,-118.49132499063923,"(34.0194419457655, -118.491324990639)",,,060377019021019,06037701902
150128593,Trespassing,10/01/2015,1900BLK PICO BLVD,B003,0B3D,10/01/2015 08:39:17 PM,10/01/2015 09:17:44 PM,Advisal,34.0189576185152,-118.47044376347348,"(34.0189576185152, -118.470443763473)",,,060377018021004,06037701802
150128592,Disturbance of the Peace,10/01/2015,300BLK SANTA MONICA PIER,B001,0B1D,10/01/2015 08:33:00 PM,10/01/2015 09:42:35 PM,Gone on Arrival,34.010123810588006,-118.49647884215844,"(34.010123810588, -118.496478842158)",,,060377019023030,06037701902
150128591,Traffic/Vehicle Stop,10/01/2015,11TH ST / PICO BLVD,B002,0B2B,10/01/2015 08:32:57 PM,10/01/2015 08:37:48 PM,Advisal,34.0141124692578,-118.47953584953179,"(34.0141124692578, -118.479535849532)",,,060377018023018,06037701802
150128590,Assistance Call,10/01/2015,1400BLK 2ND ST,B001,0B1K,10/01/2015 08:29:37 PM,10/01/2015 08:36:39 PM,Assist,34.014840998953815,-118.49699176278527,"(34.0148409989538, -118.496991762785)",,,060377019022009,06037701902
150128588,Animal Related Incident,10/01/2015,1200BLK 3RD STREET PROM,B001,0B1K,10/01/2015 08:26:03 PM,10/01/2015 08:44:22 PM,Advisal,34.017663280103314,-118.49844373034448,"(34.0176632801033, -118.498443730344)",,,060377019022004,06037701902
150128587,Traffic/Vehicle Stop,10/01/2015,1100BLK PICO BLVD,B002,0B2B,10/01/2015 08:24:19 PM,10/01/2015 08:29:26 PM,Advisal,34.0141124692578,-118.47953584953179,"(34.0141124692578, -118.479535849532)",,,060377018022010,06037701802
150128586,Audible Burglar Alarm,10/01/2015,1000BLK CENTINELA AVE,B004,0B4F,10/01/2015 08:23:50 PM,10/01/2015 09:44:47 PM,Checks Okay,34.043537860302507,-118.47396794465438,"(34.0435378603025, -118.473967944654)",,,060377016011001,06037701601
150128585,Status Check,10/01/2015,1000BLK 17TH ST,B004,0B4E,10/01/2015 08:23:13 PM,10/01/2015 08:57:37 PM,Advisal,34.031125844325821,-118.48840624502064,"(34.0311258443258, -118.488406245021)",,,060377015011006,06037701501
150128584,Disturbance of the Peace,10/01/2015,1000BLK 17TH ST,B004,0B4E,10/01/2015 08:22:47 PM,10/01/2015 08:46:27 PM,Cancelled,34.031125844325821,-118.48840624502064,"(34.0311258443258, -118.488406245021)",,,060377015011006,06037701501
150128583,Citizen Flag,10/01/2015,1000BLK 16TH ST,B004,0B4E,10/01/2015 08:18:57 PM,10/01/2015 08:21:50 PM,Advisal,34.030379099106092,-118.48937212166533,"(34.0303790991061, -118.489372121665)",,,060377015012000,06037701501
150128582,Petty Theft Report,10/01/2015,2900BLK PICO BLVD ,B002,0B2E,10/01/2015 08:17:06 PM,10/01/2015 08:17:06 PM,File Only,34.024811404633304,-118.4594542875774,"(34.0248114046333, -118.459454287577)",,,060377018013008,06037701801
150128581,Exhibition of Speed,10/01/2015,18TH ST / OAK ST,B002,0B2C,10/01/2015 08:16:26 PM,10/01/2015 08:17:23 PM,Advisal,34.012613307091335,-118.46444727955469,"(34.0126133070913, -118.464447279555)",,,060377022022014,06037702202
150128580,Battery Just Occurred,10/01/2015,2600BLK 31ST ST,B002,0B2E,10/01/2015 08:16:16 PM,10/02/2015 02:39:52 AM,Arrest,34.020581374702573,-118.45298792681979,"(34.0205813747026, -118.45298792682)",,,060377023005004,06037702300
150128578,9-1-1 Hang Up,10/01/2015,1400BLK 3RD STREET PROM,B001,0B1K,10/01/2015 08:12:39 PM,10/01/2015 08:37:49 PM,Gone on Arrival,34.014981208701265,-118.49530792778408,"(34.0149812087013, -118.495307927784)",,,060377019022011,06037701902
150128577,Assistance Call,10/01/2015,1200BLK 2ND ST,B001,0B1K,10/01/2015 08:12:19 PM,10/01/2015 08:13:10 PM,Cancelled,34.017531639409349,-118.50013827774465,"(34.0175316394093, -118.500138277745)",,,060377019022007,06037701902
150128576,Domestic Violence Just Occurred,10/01/2015,31ST ST / OCEAN PARK BLVD,B002,0B2D,10/01/2015 08:07:15 PM,10/01/2015 08:16:44 PM,Cancelled,34.020819789393791,-118.45244820258657,"(34.0208197893938, -118.452448202587)",,,060377023005006,06037702300
150128575,Audible Burglar Alarm,10/01/2015,2200BLK WILSHIRE BLVD,B003,0B3A,10/01/2015 08:04:59 PM,10/01/2015 08:36:52 PM,Checks Okay,34.032771872817982,-118.48145591206048,"(34.032771872818, -118.48145591206)",,,060377016023010,06037701602
150128574,Family Disturbance,10/01/2015,1000BLK 16TH ST,B004,0B4E,10/01/2015 08:03:23 PM,10/01/2015 08:15:44 PM,Checks Okay,34.030379099106092,-118.48937212166533,"(34.0303790991061, -118.489372121665)",,,060377015012000,06037701501
150128573,Loud Music,10/01/2015,2ND ST / BROADWAY,B001,0B1K,10/01/2015 08:03:02 PM,10/01/2015 08:50:01 PM,Advisal,34.013539149425,-118.49547312798669,"(34.013539149425, -118.495473127987)",,,060377019022009,06037701902
150128572,Vehicle with Excessive Parking Violations,10/01/2015,1300BLK 2ND ST,B001,0B1K,10/01/2015 07:59:06 PM,10/01/2015 08:47:57 PM,Impound,34.016184920127344,-118.4985637764588,"(34.0161849201273, -118.498563776459)",,,060377019022005,06037701902
150128571,Trespassing,10/01/2015,1700BLK 11TH ST,B003,0B3D,10/01/2015 07:51:19 PM,10/01/2015 09:21:09 PM,Gone on Arrival,34.01652343792022,-118.48238748355539,"(34.0165234379202, -118.482387483555)",,,060377018023006,06037701802
150128569,Audible Burglar Alarm,10/01/2015,500BLK SANTA MONICA BLVD,B001,0B1J,10/01/2015 07:47:44 PM,10/01/2015 08:10:35 PM,Checks Okay,34.017564102101609,-118.4937296407649,"(34.0175641021016, -118.493729640765)",,,060377019021031,06037701902
150128568,Disturbance of the Peace,10/01/2015,1400BLK 9TH ST,B003,0B3B,10/01/2015 07:41:43 PM,10/01/2015 08:37:37 PM,Gone on Arrival,34.019579881534945,-118.48964021196348,"(34.0195798815349, -118.489640211963)",,,060377017023005,06037701702
150128567,Assault w/Deadly Wepaon Now,10/01/2015,STEWART ST / PICO BLVD,B002,0B2E,10/01/2015 07:36:01 PM,10/01/2015 09:01:49 PM,Report,34.024251890124226,-118.46050789300892,"(34.0242518901242, -118.460507893009)",,,060377018014010,06037701801
150128565,Valet Zone Violation,10/01/2015,3000BLK MAIN ST,B001,0B1F,10/01/2015 07:31:44 PM,10/01/2015 08:50:32 PM,Impound,33.998260467148626,-118.47983411058642,"(33.9982604671486, -118.479834110586)",,,060377021024012,06037702102
150128564,Public Intoxication,10/01/2015,OCEAN AVE / OLYMPIC DR,B001,0B1G,10/01/2015 07:31:40 PM,10/01/2015 08:35:45 PM,Gone on Arrival,34.009757483091391,-118.49293763866385,"(34.0097574830914, -118.492937638664)",,,060377019023027,06037701902
150128563,General Parking Problem,10/01/2015,3300BLK BARNARD WAY,B001,0B1E,10/01/2015 07:28:25 PM,10/01/2015 09:55:21 PM,Gone on Arrival,33.997395337926982,-118.48045051309124,"(33.997395337927, -118.480450513091)",,,060377021021005,06037702102
150128562,Handicap Zone Violation,10/01/2015,1200BLK 2ND ST,B001,0B1K,10/01/2015 07:28:14 PM,10/01/2015 07:33:31 PM,Citation/Oth Enforcement,34.017531639409349,-118.50013827774465,"(34.0175316394093, -118.500138277745)",,,060377019022007,06037701902
150128561,Pedestrian Stop,10/01/2015,1200BLK 3RD STREET PROM,B001,0B1K,10/01/2015 07:27:38 PM,10/01/2015 08:17:41 PM,Advisal,34.017663280103314,-118.49844373034448,"(34.0176632801033, -118.498443730344)",,,060377019022004,06037701902
150128560,Assistance Call,10/01/2015,300BLK SANTA MONICA PIER,B001,0B1D,10/01/2015 07:22:31 PM,10/01/2015 08:24:38 PM,Advisal,34.010123810588006,-118.49647884215844,"(34.010123810588, -118.496478842158)",,,060377019023030,06037701902
150128559,Audible Burglar Alarm,10/01/2015,2800BLK PICO BLVD,B002,0B2E,10/01/2015 07:20:27 PM,10/01/2015 07:25:46 PM,Cancelled,34.024281177156674,-118.46045288821411,"(34.0242811771567, -118.460452888214)",,,060377018013015,06037701801
150128558,Petty Theft Report,10/01/2015,900BLK 2ND ST,B004,0B4D,10/01/2015 07:19:26 PM,10/01/2015 09:54:25 PM,Report,34.020987128631027,-118.50418048332999,"(34.020987128631, -118.50418048333)",,,060377014021009,06037701402
150128557,Construction Noise,10/01/2015,1000BLK PALISADES PARK,B001,0B1N,10/01/2015 07:19:07 PM,10/01/2015 09:55:59 PM,Advisal,0,0,"(0, 0)",,,060377014021002,06037701402
150128556,Traffic Accident with Injuries,10/01/2015,LINCOLN BLVD / BROADWAY,B001,0B1I,10/01/2015 07:15:44 PM,10/01/2015 08:28:23 PM,Other,34.018142794593771,-118.4898041307151,"(34.0181427945938, -118.489804130715)",,,060377019021026,06037701902
150128555,Transport,10/01/2015,300BLK OLYMPIC DR,B001,0B1G,10/01/2015 07:15:30 PM,10/01/2015 07:20:30 PM,Assist,34.012551682867041,-118.49339371829517,"(34.012551682867, -118.493393718295)",,,060377019023020,06037701902
150128553,Citizen Flag,10/01/2015,1700BLK APPIAN WAY,B001,0B1E,10/01/2015 07:08:14 PM,10/01/2015 07:14:09 PM,Assist,34.009007095658554,-118.49369736592948,"(34.0090070956586, -118.493697365929)",,,060377019023031,06037701902
150128552,Assistance Call,10/01/2015,200BLK SANTA MONICA PIER,B001,0B1D,10/01/2015 07:07:20 PM,10/01/2015 07:35:26 PM,Assist,34.010965202246147,-118.49544169162718,"(34.0109652022461, -118.495441691627)",,,060377019023030,06037701902
150128551,9-1-1 Hang Up,10/01/2015,1500BLK 5TH ST,B001,0B1I,10/01/2015 07:03:09 PM,10/01/2015 07:04:40 PM,Cancelled,34.015178754616706,-118.49186142159012,"(34.0151787546167, -118.49186142159)",,,060377019021035,06037701902
150128550,Status Check,10/01/2015,400BLK EUCLID ST,B004,0B4B,10/01/2015 06:58:09 PM,10/01/2015 07:26:09 PM,Checks Okay,34.035067490476479,-118.50038310285585,"(34.0350674904765, -118.500383102856)",,,060377013041014,06037701304
150128548,Traffic/Vehicle Stop,10/01/2015,4TH ST / CIVIC CENTER DR,B001,0B1G,10/01/2015 06:47:08 PM,10/01/2015 07:12:40 PM,Advisal,34.012016815893453,-118.49000314255886,"(34.0120168158935, -118.490003142559)",,,060377019023010,06037701902
150128547,Animal Related Incident,10/01/2015,1300BLK 3RD STREET PROM,B001,0B1K,10/01/2015 06:45:56 PM,10/01/2015 07:03:36 PM,Checks Okay,34.016324503105331,-118.4968759891658,"(34.0163245031053, -118.496875989166)",,,060377019022002,06037701902
150128546,Citizen Flag,10/01/2015,1400BLK 3RD STREET PROM,B001,0B1K,10/01/2015 06:33:59 PM,10/01/2015 06:37:32 PM,Assist,34.015610449692346,-118.49604314811475,"(34.0156104496923, -118.496043148115)",,,060377019022012,06037701902
150128545,Valet Zone Violation,10/01/2015,3000BLK MAIN ST,B001,0B1F,10/01/2015 06:33:38 PM,10/01/2015 06:35:33 PM,Citation/Oth Enforcement,33.998490126468788,-118.48006406521206,"(33.9984901264688, -118.480064065212)",,,060377021024012,06037702102
150128544,Municipal Code Violation,10/01/2015,1400BLK BERKELEY ST,B003,0B3A,10/01/2015 06:29:25 PM,10/01/2015 07:07:43 PM,Gone on Arrival,34.037070780256549,-118.46954073253512,"(34.0370707802565, -118.469540732535)",,,060377017011012,06037701701
150128543,Traffic/Vehicle Stop,10/01/2015,1000BLK PICO BLVD,B002,0B2B,10/01/2015 06:27:01 PM,10/01/2015 06:37:30 PM,Citation/Oth Enforcement,34.013298655863011,-118.48106762117592,"(34.013298655863, -118.481067621176)",,,060377018023017,06037701802
150128541,Violation of Preferential Parking Zone,10/01/2015,700BLK WASHINGTON AVE,B004,0B4D,10/01/2015 06:20:25 PM,10/01/2015 09:05:45 PM,Checks Okay,34.024533223116741,-118.49819419091487,"(34.0245332231167, -118.498194190915)",,,060377013022013,06037701302
150128539,Trespassing,10/01/2015,1900BLK PICO BLVD,B003,0B3D,10/01/2015 06:18:20 PM,10/01/2015 08:26:22 PM,Advisal,34.0189576185152,-118.47044376347348,"(34.0189576185152, -118.470443763473)",,,060377018021004,06037701802
150128538,Construction Noise,10/01/2015,1500BLK STANFORD ST,B003,0B3G,10/01/2015 06:17:51 PM,10/01/2015 07:39:20 PM,Assist,34.034346882472249,-118.46820298336611,"(34.0343468824722, -118.468202983366)",,,060377017011025,06037701701
150128537,Health & Safety Code Violation,10/01/2015,1000BLK CALIFORNIA AVE,B004,0B4E,10/01/2015 06:17:24 PM,10/01/2015 06:30:26 PM,Gone on Arrival,34.025472624286209,-118.49376644005983,"(34.0254726242862, -118.49376644006)",,,060377015013012,06037701501
150128536,Transport Prisoner,10/01/2015,300BLK OLYMPIC DR,B001,0B1G,10/01/2015 06:16:50 PM,10/02/2015 12:34:04 AM,Citation/Oth Enforcement,34.012551682867041,-118.49339371829517,"(34.012551682867, -118.493393718295)",,,060377019023020,06037701902
150128535,Follow Up,10/01/2015,2200BLK WILSHIRE BLVD,B004,0B4F,10/01/2015 06:09:58 PM,10/01/2015 06:36:04 PM,Advisal,34.032743470803084,-118.48149208339005,"(34.0327434708031, -118.48149208339)",,,060377016014025,06037701601
150128534,Citizen Flag,10/01/2015,1200BLK 3RD STREET PROM ,B001,0B1K,10/01/2015 06:04:44 PM,10/01/2015 07:14:54 PM,Assist,34.017663280103314,-118.49844373034448,"(34.0176632801033, -118.498443730344)",,,060377019022004,06037701902
150128531,Citizen Flag,10/01/2015,3RD STREET PROM / ARIZONA AVE,B001,0B1K,10/01/2015 05:57:42 PM,10/01/2015 08:39:15 PM,Assist,34.016994541938111,-118.49765787445227,"(34.0169945419381, -118.497657874452)",,,060377019022003,06037701902
150128530,Pedestrian Stop,10/01/2015,3RD STREET PROM / ARIZONA AVE,B001,0B1K,10/01/2015 05:55:00 PM,10/01/2015 05:57:29 PM,Advisal,34.016994541938111,-118.49765787445227,"(34.0169945419381, -118.497657874452)",,,060377019022003,06037701902
150128529,Medical Emergency,10/01/2015,400BLK SANTA MONICA PIER,B001,0B1D,10/01/2015 05:54:33 PM,10/01/2015 06:00:24 PM,Assist,34.009354307839537,-118.49742272453651,"(34.0093543078395, -118.497422724537)",,,060377019023030,06037701902
150128528,Pedestrian Stop,10/01/2015,2ND ST / SANTA MONICA BLVD,B001,0B1K,10/01/2015 05:51:58 PM,10/01/2015 07:15:05 PM,Advisal,34.014880462559773,-118.49703769370657,"(34.0148804625598, -118.497037693707)",,,060377019022009,06037701902
150128527,Status Check,10/01/2015,1300BLK SANTA MONICA BLVD ,B003,0B3B,10/01/2015 05:49:51 PM,10/01/2015 06:53:28 PM,Field Interview,34.014498306471175,-118.4975082374097,"(34.0144983064712, -118.49750823741)",,,060377019022009,06037701902
150128525,Traffic Hazard,10/01/2015,200BLK BROADWAY,B001,0B1K,10/01/2015 05:39:12 PM,10/01/2015 05:51:48 PM,Advisal,34.01392277304339,-118.49500430884717,"(34.0139227730434, -118.495004308847)",,,060377019022010,06037701902
150128523,Pedestrian Stop,10/01/2015,3RD STREET PROM / SANTA MONICA BLVD,B001,0B1K,10/01/2015 05:33:27 PM,10/01/2015 05:40:38 PM,Advisal,34.015649301474319,-118.49608865098722,"(34.0156493014743, -118.496088650987)",,,060377019022011,06037701902
150128521,Assistance Call,10/01/2015,500BLK HOLLISTER AVE,B002,0B2A,10/01/2015 05:27:19 PM,10/01/2015 05:59:41 PM,Assist,34.006423238566093,-118.48252345958078,"(34.0064232385661, -118.482523459581)",,,060377020022000,06037702002
150128520,SCAR Investigation,10/01/2015,3400BLK OCEAN PARK BLVD,B002,0B2E,10/01/2015 05:27:03 PM,10/01/2015 05:57:15 PM,Cancelled,34.022318470972621,-118.44987164931172,"(34.0223184709726, -118.449871649312)",,,060377023001008,06037702300
150128519,Defrauding Inkeeper In Progress,10/01/2015,2700BLK WILSHIRE BLVD,B003,0B3A,10/01/2015 05:26:26 PM,10/01/2015 06:22:10 PM,Advisal,34.037124958319239,-118.47607502851744,"(34.0371249583192, -118.476075028517)",,,060377016022001,06037701602
150128518,Vehicle Parked in Alley,10/01/2015,1100BLK 12TH ST,B004,0B4E,10/01/2015 05:26:09 PM,10/01/2015 05:55:27 PM,Other,34.025931792260323,-118.4915441520876,"(34.0259317922603, -118.491544152088)",,,060377015013015,06037701501
150128517,Fight,10/01/2015,2200BLK WILSHIRE BLVD ,B004,0B4F,10/01/2015 05:20:28 PM,10/01/2015 06:03:36 PM,Gone on Arrival,34.032743470803084,-118.48149208339005,"(34.0327434708031, -118.48149208339)",,,060377016014025,06037701601
150128515,Traffic/Vehicle Stop,10/01/2015,7TH ST / WILSHIRE BLVD,B001,0B1J,10/01/2015 05:19:11 PM,10/01/2015 05:23:36 PM,Field Interview,34.021406968758889,-118.49546213258654,"(34.0214069687589, -118.495462132587)",,,060377019021003,06037701902
150128514,Pedestrian Stop,10/01/2015,3RD STREET PROM / SANTA MONICA BLVD,B001,0B1K,10/01/2015 05:17:21 PM,10/01/2015 05:41:29 PM,Advisal,34.015649301474319,-118.49608865098722,"(34.0156493014743, -118.496088650987)",,,060377019022011,06037701902
150128513,Animal Related Incident,10/01/2015,2600BLK WILSHIRE BLVD,B003,0B3A,10/01/2015 05:16:56 PM,10/01/2015 05:46:15 PM,Gone on Arrival,34.036029414795514,-118.47742249171292,"(34.0360294147955, -118.477422491713)",,,060377016022002,06037701602
150128512,Violation of Preferential Parking Zone,10/01/2015,7TH ST / MICHIGAN AVE,B001,0B1G,10/01/2015 05:14:36 PM,10/01/2015 05:15:55 PM,Cancelled,34.013043658334411,-118.48568532495681,"(34.0130436583344, -118.485685324957)",,,060377019023006,06037701902
150128511,Traffic/Vehicle Stop,10/01/2015,OCEAN AVE / WILSHIRE BLVD,B001,0B1L,10/01/2015 05:11:32 PM,10/01/2015 05:19:16 PM,Advisal,34.016793368882269,-118.50115714508391,"(34.0167933688823, -118.501157145084)",,,060377019022007,06037701902
150128510,Valet Zone Violation,10/01/2015,1400BLK 5TH ST,B001,0B1J,10/01/2015 05:11:08 PM,10/01/2015 05:34:07 PM,Citation/Oth Enforcement,34.0171429024023,-118.49415850640943,"(34.0171429024023, -118.494158506409)",,,060377019021032,06037701902
150128509,Grand Theft Just Occurred,10/01/2015,1800BLK PICO BLVD,B003,0B3D,10/01/2015 05:07:47 PM,10/01/2015 05:58:37 PM,Report,34.018938095142495,-118.47048081774618,"(34.0189380951425, -118.470480817746)",,,060377018021005,06037701802
150128508,Vehicle Blocking Driveway,10/01/2015,900BLK LINCOLN BLVD,B004,0B4E,10/01/2015 05:00:48 PM,10/01/2015 05:24:36 PM,Gone on Arrival,34.025589925224388,-118.49850710411289,"(34.0255899252244, -118.498507104113)",,,060377013022014,06037701302
150128507,Vehicle Parked in Alley,10/01/2015,200BLK OCEAN AVE,B004,0B4C,10/01/2015 04:56:16 PM,10/01/2015 08:43:43 PM,Gone on Arrival,34.027033008998671,-118.5151156551013,"(34.0270330089987, -118.515115655101)",,,060377013043016,06037701304
150128506,Status Check,10/01/2015,17TH ST / ARIZONA AVE,B003,0B3A,10/01/2015 04:55:38 PM,10/01/2015 05:59:57 PM,Field Interview,34.027717137551114,-118.48441701526734,"(34.0277171375511, -118.484417015267)",,,060377015021005,06037701502
150128505,Child Molestation,10/01/2015,1300BLK 3RD STREET PROM ,B001,0B1K,10/01/2015 04:54:57 PM,10/01/2015 04:54:57 PM,File Only,34.0169561819618,-118.49761294630665,"(34.0169561819618, -118.497612946307)",,,060377019022002,06037701902
150128501,Hit and Run Misdemeanor Investigation,10/01/2015,600BLK PALISADES BEACH RD,B001,0B1O,10/01/2015 04:40:54 PM,10/01/2015 06:18:45 PM,Report,34.022554909417416,-118.50963356227747,"(34.0225549094174, -118.509633562277)",,,060377013043022,06037701304
150128499,Identity Theft,10/01/2015,1100BLK OZONE AVE,B002,0B2B,10/01/2015 04:32:45 PM,10/01/2015 04:57:54 PM,Cancelled,34.003679719430643,-118.46875801237822,"(34.0036797194306, -118.468758012378)",,,060377022024014,06037702202
150128498,Violation of Posted SIgn,10/01/2015,1400BLK OCEAN AVE,B001,0B1L,10/01/2015 04:32:00 PM,10/01/2015 04:59:35 PM,Citation/Oth Enforcement,34.013426734647226,-118.4972254990458,"(34.0134267346472, -118.497225499046)",,,060377019022009,06037701902
150128497,72 Hour Psychiatric Hold,10/01/2015,1400BLK PACIFIC COAST HWY,B001,0B1L,10/01/2015 04:31:38 PM,10/01/2015 05:11:53 PM,Gone on Arrival,34.013033423454246,-118.497872813334,"(34.0130334234542, -118.497872813334)",,,060377019023037,06037701902
150128496,Citizen Flag,10/01/2015,1800BLK OCEAN AVE,B001,0B1G,10/01/2015 04:31:03 PM,10/01/2015 04:38:13 PM,Other,34.008257758017962,-118.49129293616524,"(34.008257758018, -118.491292936165)",,,060377019023042,06037701902
150128494,Traffic/Vehicle Stop,10/01/2015,1400BLK 2ND ST,B001,0B1L,10/01/2015 04:29:35 PM,10/01/2015 04:53:57 PM,Advisal,34.014840998953815,-118.49699176278527,"(34.0148409989538, -118.496991762785)",,,060377019022009,06037701902
150128492,Disturbance of the Peace,10/01/2015,300BLK OLYMPIC DR ,B001,0B1G,10/01/2015 04:24:35 PM,10/01/2015 04:57:04 PM,Advisal,34.012551682867041,-118.49339371829517,"(34.012551682867, -118.493393718295)",,,060377019023020,06037701902
150128491,Traffic/Vehicle Stop,10/01/2015,1600BLK LINCOLN BLVD,B001,0B1H,10/01/2015 04:22:55 PM,10/01/2015 04:28:37 PM,Citation/Oth Enforcement,34.016767149925023,-118.48819434134784,"(34.016767149925, -118.488194341348)",,,060377019023000,06037701902
150128490,Trespassing,10/01/2015,1900BLK WILSHIRE BLVD ,B003,0B3A,10/01/2015 04:18:19 PM,10/01/2015 04:57:14 PM,Gone on Arrival,34.017193779032795,-118.50066533015304,"(34.0171937790328, -118.500665330153)",,,060377019022007,06037701902
150128488,Audible Burglar Alarm,10/01/2015,1000BLK ALTA AVE,B004,0B4B,10/01/2015 04:16:33 PM,10/01/2015 04:56:36 PM,Checks Okay,34.031248317949931,-118.50052595925222,"(34.0312483179499, -118.500525959252)",,,060377013044007,06037701304
150128487,Pedestrian Stop,10/01/2015,2600BLK 2ND ST,B001,0B1F,10/01/2015 04:13:33 PM,10/01/2015 04:18:11 PM,Advisal,34.002990678418044,-118.48342926164483,"(34.002990678418, -118.483429261645)",,,060377020022014,06037702002
150128484,Violation of Posted SIgn,10/01/2015,500BLK 15TH ST,B004,0B4B,10/01/2015 04:07:59 PM,10/01/2015 04:39:20 PM,Unfounded,34.035261583212183,-118.49692839581628,"(34.0352615832122, -118.496928395816)",,,060377012015008,06037701201
150128483,Violation of Posted SIgn,10/01/2015,1400BLK OCEAN AVE,B001,0B1L,10/01/2015 04:07:03 PM,10/01/2015 04:39:48 PM,Cancelled,34.013426734647226,-118.4972254990458,"(34.0134267346472, -118.497225499046)",,,060377019022009,06037701902
150128482,Found Property,10/01/2015,1400BLK 23RD ST,B003,0B3A,10/01/2015 04:05:45 PM,10/01/2015 04:33:39 PM,Citation/Oth Enforcement,34.029799292749836,-118.47631821113706,"(34.0297992927498, -118.476318211137)",,,060377017013004,06037701701
150128480,Trespassing,10/01/2015,1600BLK OCEAN FRONT WALK,B001,0B1E,10/01/2015 03:59:56 PM,10/01/2015 04:38:22 PM,Advisal,34.010505439786137,-118.49595815921774,"(34.0105054397861, -118.495958159218)",,,060377019023030,06037701902
150128479,Traffic/Vehicle Stop,10/01/2015,LINCOLN BLVD / OLYMPIC BLVD W,B001,0B1H,10/01/2015 03:57:47 PM,10/01/2015 04:03:20 PM,Citation/Oth Enforcement,34.015197476267922,-118.48633669036705,"(34.0151974762679, -118.486336690367)",,,060377019023003,06037701902
150128478,Traffic/Vehicle Stop,10/01/2015,1800BLK 7TH ST,B001,0B1G,10/01/2015 03:53:12 PM,10/01/2015 04:34:22 PM,Citation/Oth Enforcement,34.013008856931421,-118.48564428781596,"(34.0130088569314, -118.485644287816)",,,060377019023024,06037701902
150128476,Vehicle Blocking Driveway,10/01/2015,1700BLK 20TH ST,B003,0B3C,10/01/2015 03:50:38 PM,10/01/2015 03:53:34 PM,Cancelled,34.023965090951165,-118.47450412205998,"(34.0239650909512, -118.47450412206)",,,060377018024006,06037701802
150128475,Pedestrian Stop,10/01/2015,1100BLK 16TH ST,B004,0B4E,10/01/2015 03:46:32 PM,10/01/2015 04:05:43 PM,Citation/Oth Enforcement,34.029639645730612,-118.48850778881197,"(34.0296396457306, -118.488507788812)",,,060377015012011,06037701501
150128474,Animal Related Incident,10/01/2015,2700BLK VIRGINIA AVE,B003,0B3E,10/01/2015 03:44:51 PM,10/01/2015 04:00:23 PM,Other,34.025455968555029,-118.46435770947439,"(34.025455968555, -118.464357709474)",,,060377018014003,06037701801
150128473,Found Property,10/01/2015,1100BLK LINCOLN BLVD,B001,0B1M,10/01/2015 03:41:54 PM,10/01/2015 04:14:47 PM,Citation/Oth Enforcement,34.023501986409919,-118.49607035612145,"(34.0235019864099, -118.496070356121)",,,060377014024009,06037701402
150128472,Pedestrian Stop,10/01/2015,1200BLK OCEAN AVE ,B001,0B1L,10/01/2015 03:40:51 PM,10/01/2015 04:01:34 PM,Assist,34.016746902312448,-118.50110329403037,"(34.0167469023124, -118.50110329403)",,,060377019022007,06037701902
150128470,Grand Theft Report,10/01/2015,1500BLK 10TH ST,B003,0B3B,10/01/2015 03:36:12 PM,10/01/2015 03:36:12 PM,File Only,34.019674308377837,-118.48790853794137,"(34.0196743083778, -118.487908537941)",,,060377017023004,06037701702
150128469,Pedestrian Stop,10/01/2015,5TH ST / SANTA MONICA BLVD,B001,0B1J,10/01/2015 03:35:23 PM,10/01/2015 03:55:16 PM,Other,34.017179788161584,-118.4942017056452,"(34.0171797881616, -118.494201705645)",,,060377019021032,06037701902
150128468,Trespassing,10/01/2015,1600BLK OCEAN FRONT WALK,B001,0B1E,10/01/2015 03:35:09 PM,10/01/2015 04:04:26 PM,Other,34.010505439786137,-118.49595815921774,"(34.0105054397861, -118.495958159218)",,,060377019023030,06037701902
150128464,FIRE REQUEST POLICE,10/01/2015,1700BLK OCEAN FRONT WALK ,B001,0B1E,10/01/2015 03:31:05 PM,10/01/2015 03:54:00 PM,Cancelled,34.008720638138421,-118.49405007587231,"(34.0087206381384, -118.494050075872)",,,060377019023030,06037701902
150128462,Periodic Check,10/01/2015,PALISADE PARK,9999,9999,10/01/2015 03:27:38 PM,10/01/2015 04:01:39 PM,Other,,,,,,,
150128461,On Foot,10/01/2015,1200BLK 3RD STREET PROM,B001,0B1K,10/01/2015 03:27:10 PM,10/01/2015 04:29:23 PM,Other,34.017663280103314,-118.49844373034448,"(34.0176632801033, -118.498443730344)",,,060377019022004,06037701902
150128460,General Parking Problem,10/01/2015,2000BLK OCEAN AVE,B001,0B1F,10/01/2015 03:20:15 PM,10/01/2015 04:11:37 PM,Advisal,34.006421941545938,-118.48995931990919,"(34.0064219415459, -118.489959319909)",,,060377020021008,06037702002
150128457,Malicious Mischief Report,10/01/2015,300BLK SANTA MONICA PIER,B001,0B1D,10/01/2015 03:13:13 PM,10/01/2015 04:33:24 PM,Advisal,34.010123810588006,-118.49647884215844,"(34.010123810588, -118.496478842158)",,,060377019023030,06037701902
150128456,Petty Theft Report,10/01/2015,500BLK ARIZONA AVE,B001,0B1J,10/01/2015 03:11:43 PM,10/01/2015 04:34:11 PM,Report,34.019245701759722,-118.49487170875771,"(34.0192457017597, -118.494871708758)",,,060377019021012,06037701902
150128455,Failure to Pay Parking Fee,10/01/2015,1100BLK PACIFIC COAST HWY,B001,0B1B,10/01/2015 03:10:53 PM,10/01/2015 03:42:03 PM,Citation/Oth Enforcement,34.026390989968682,-118.51609384276625,"(34.0263909899687, -118.516093842766)",,,060372628022006,06037262802
150128453,Status Check,10/01/2015,800BLK MICHIGAN AVE,B003,0B3D,10/01/2015 03:08:20 PM,10/01/2015 03:47:29 PM,Gone on Arrival,34.014202345038896,-118.48425950318918,"(34.0142023450389, -118.484259503189)",,,060377018023014,06037701802
150128452,Disturbance of the Peace,10/01/2015,300BLK SANTA MONICA PIER,B001,0B1D,10/01/2015 03:07:09 PM,10/01/2015 03:18:31 PM,Other,34.010123810588006,-118.49647884215844,"(34.010123810588, -118.496478842158)",,,060377019023030,06037701902
150128450,Violation of Posted SIgn,10/01/2015,1400BLK OCEAN AVE,B001,0B1L,10/01/2015 03:00:47 PM,10/01/2015 03:25:43 PM,Advisal,34.013426734647226,-118.4972254990458,"(34.0134267346472, -118.497225499046)",,,060377019022009,06037701902
150128449,Identity Theft,10/01/2015,6800BLK SAN MATEO ST,B004,0B4D,10/01/2015 02:56:43 PM,10/01/2015 08:43:56 PM,Other,34.026155683537858,-118.50101271798881,"(34.0261556835379, -118.501012717989)",,,060377013022005,06037701302
150128448,Pedestrian Stop,10/01/2015,LINCOLN BLVD / OLYMPIC BLVD W,B001,0B1H,10/01/2015 02:56:13 PM,10/01/2015 03:26:25 PM,Assist,34.015197476267922,-118.48633669036705,"(34.0151974762679, -118.486336690367)",,,060377019023003,06037701902
150128447,Traffic/Vehicle Stop,10/01/2015,300BLK BROADWAY,B001,0B1K,10/01/2015 02:54:03 PM,10/01/2015 03:07:59 PM,Citation/Oth Enforcement,34.01468945040677,-118.49405908192229,"(34.0146894504068, -118.494059081922)",,,060377019022014,06037701902
150128446,Injured Person,10/01/2015,3RD STREET PROM / SANTA MONICA BLVD,B001,0B1K,10/01/2015 02:52:42 PM,10/01/2015 03:19:40 PM,Other,34.015649301474319,-118.49608865098722,"(34.0156493014743, -118.496088650987)",,,060377019022011,06037701902
150128445,Pedestrian Stop,10/01/2015,1300BLK 2ND ST,B001,0B1K,10/01/2015 02:39:53 PM,10/01/2015 02:56:04 PM,Field Interview,34.016184920127344,-118.4985637764588,"(34.0161849201273, -118.498563776459)",,,060377019022005,06037701902
150128444,Violation of Temporary No Parking Signs,10/01/2015,1400BLK 2ND ST,B001,0B1L,10/01/2015 02:39:52 PM,10/01/2015 03:12:32 PM,Advisal,34.014840998953815,-118.49699176278527,"(34.0148409989538, -118.496991762785)",,,060377019022009,06037701902
150128443,Pedestrian Stop,10/01/2015,600BLK OLYMPIC BLVD W,B001,0B1H,10/01/2015 02:38:45 PM,10/01/2015 02:53:44 PM,Advisal,34.01396398032734,-118.48781301943488,"(34.0139639803273, -118.487813019435)",,,060377019023001,06037701902
150128442,Disturbance at a Business,10/01/2015,1400BLK 3RD STREET PROM ,B001,0B1K,10/01/2015 02:38:33 PM,10/01/2015 02:52:29 PM,Advisal,34.015610449692346,-118.49604314811475,"(34.0156104496923, -118.496043148115)",,,060377019022012,06037701902
150128324,Traffic/Vehicle Stop,10/01/2015,CLOVERFIELD BLVD / BROADWAY,B003,0B3G,10/01/2015 10:28:14 AM,10/01/2015 10:34:13 AM,Advisal,34.029809463996507,-118.47539790536321,"(34.0298094639965, -118.475397905363)",,,060377017013005,06037701701
150128323,Traffic/Vehicle Stop,10/01/2015,900BLK PACIFIC COAST HWY,B001,0B1B,10/01/2015 10:26:16 AM,10/01/2015 11:08:25 AM,Citation/Oth Enforcement,34.019872978747451,-118.50621266117588,"(34.0198729787475, -118.506212661176)",,,060377014021005,06037701402
150128321,Mark & Tag Abandoned Vehicle,10/01/2015,600BLK HILL ST,B002,0B2A,10/01/2015 10:21:10 AM,10/01/2015 10:45:00 AM,Citation/Oth Enforcement,34.00458218495821,-118.47671575466333,"(34.0045821849582, -118.476715754663)",,,060377021026006,06037702102
150128320,Traffic/Vehicle Stop,10/01/2015,2900BLK LINCOLN BLVD,B002,0B2A,10/01/2015 10:15:53 AM,10/01/2015 10:39:44 AM,Citation/Oth Enforcement,34.00484872917248,-118.47353849407143,"(34.0048487291725, -118.473538494071)",,,060377021023000,06037702102
150128319,Violation of Posted SIgn,10/01/2015,1400BLK SANTA MONICA BLVD,B003,0B3A,10/01/2015 10:07:45 AM,10/01/2015 10:15:20 AM,Gone on Arrival,34.024465667068604,-118.48522162248068,"(34.0244656670686, -118.485221622481)",,,060377017022003,06037701702
150128318,Pedestrian Stop,10/01/2015,3300BLK WILSHIRE BLVD,B004,0B4F,10/01/2015 10:05:54 AM,10/01/2015 10:14:28 AM,Advisal,34.041150193132268,-118.47111031220928,"(34.0411501931323, -118.471110312209)",,,060377016021000,06037701602
150128317,Animal Related Incident,10/01/2015,1700BLK 17TH ST,B003,0B3C,10/01/2015 10:03:18 AM,10/01/2015 10:34:39 AM,Other,34.02178028655873,-118.47748047592901,"(34.0217802865587, -118.477480475929)",,,060377018024016,06037701802
150128316,Follow Up,10/01/2015,600BLK PICO BLVD,B001,0B1G,10/01/2015 10:02:18 AM,10/01/2015 11:44:30 AM,Other,34.011152739165745,-118.48508834192752,"(34.0111527391657, -118.485088341928)",,,060377019023022,06037701902
150128315,Violation of Posted SIgn,10/01/2015,2600BLK WILSHIRE BLVD ,B004,0B4F,10/01/2015 10:00:55 AM,10/01/2015 10:02:37 AM,Cancelled,34.036029414795514,-118.47742249171292,"(34.0360294147955, -118.477422491713)",,,060377016022002,06037701602
150128314,Indecent Exposure Now,10/01/2015,3100BLK MAIN ST ,B001,0B1F,10/01/2015 09:53:41 AM,10/01/2015 10:24:37 AM,Checks Okay,33.9978392707292,-118.47940759969565,"(33.9978392707292, -118.479407599696)",,,060377021024013,06037702102
150128313,Traffic/Vehicle Stop,10/01/2015,400BLK WILSHIRE BLVD,B001,0B1J,10/01/2015 09:47:53 AM,10/01/2015 09:57:36 AM,Advisal,34.01915030306413,-118.49825747952207,"(34.0191503030641, -118.498257479522)",,,060377019021008,06037701902
150128312,Audible Burglar Alarm,10/01/2015,700BLK SAN VICENTE BLVD,B004,0B4B,10/01/2015 09:47:03 AM,10/01/2015 10:18:15 AM,Checks Okay,34.032488039496954,-118.50750294439609,"(34.032488039497, -118.507502944396)",,,060377013041023,06037701304
150128311,Fraud Report,10/01/2015,1400BLK 12TH ST,B003,0B3B,10/01/2015 09:44:48 AM,10/01/2015 10:47:06 AM,Report,34.021883076243356,-118.48680715369301,"(34.0218830762434, -118.486807153693)",,,060377017023000,06037701702
150128310,Check Temporary No Parking Signs,10/01/2015,1000BLK OCEAN AVE,B001,0B1N,10/01/2015 09:42:54 AM,10/01/2015 10:00:15 AM,Checks Okay,34.019488003241619,-118.50431299474462,"(34.0194880032416, -118.504312994745)",,,060377014021002,06037701402
150128309,Periodic Check,10/01/2015,1100BLK PALISADES PARK,B001,0B1M,10/01/2015 09:42:26 AM,10/01/2015 10:17:28 AM,Advisal,0,0,"(0, 0)",,,060377014021006,06037701402
150128308,Violation of Posted SIgn,10/01/2015,1300BLK 9TH ST,B003,0B3A,10/01/2015 09:39:55 AM,10/01/2015 09:44:51 AM,Advisal,34.020917756957367,-118.49120557986161,"(34.0209177569574, -118.491205579862)",,,060377015023009,06037701502
150128307,Burglary Report,10/01/2015,2100BLK 10TH ST,B002,0B2B,10/01/2015 09:39:00 AM,10/01/2015 11:30:59 AM,Report,34.011107454482307,-118.47892622223196,"(34.0111074544823, -118.478926222232)",,,060377022014011,06037702201
150128306,Animal Related Incident,10/01/2015,2400BLK MAIN ST,B001,0B1F,10/01/2015 09:36:51 AM,10/01/2015 09:52:29 AM,Other,34.00362653810096,-118.48521368750403,"(34.003626538101, -118.485213687504)",,,060377020022013,06037702002
150128305,Violation of Posted SIgn,10/01/2015,2100BLK 20TH ST,B002,0B2C,10/01/2015 09:36:13 AM,10/01/2015 09:47:47 AM,Advisal,34.019116320400684,-118.46924242719477,"(34.0191163204007, -118.469242427195)",,,060377022011014,06037702201
150128304,9-1-1 Hang Up,10/01/2015,1500BLK 5TH ST,B001,0B1I,10/01/2015 09:36:08 AM,10/01/2015 09:50:17 AM,Checks Okay,34.015178754616706,-118.49186142159012,"(34.0151787546167, -118.49186142159)",,,060377019021035,06037701902
150128303,Periodic Check,10/01/2015,2300BLK 4TH ST,B002,0B2A,10/01/2015 09:34:59 AM,10/01/2015 10:01:30 AM,Checks Okay,34.006568033667556,-118.48411751173896,"(34.0065680336676, -118.484117511739)",,,060377020024016,06037702002
150128302,Identity Theft,10/01/2015,900BLK 19TH ST,B004,0B4E,10/01/2015 09:33:10 AM,10/01/2015 03:34:55 PM,Report,34.033390494646923,-118.48736354119781,"(34.0333904946469, -118.487363541198)",,,060377012021009,06037701202
150128301,Pedestrian Stop,10/01/2015,2000BLK OCEAN AVE,B001,0B1F,10/01/2015 09:31:35 AM,10/01/2015 09:42:49 AM,Advisal,34.006421941545938,-118.48995931990919,"(34.0064219415459, -118.489959319909)",,,060377020021008,06037702002
150128298,Person Down,10/01/2015,1400BLK 5TH ST,B001,0B1J,10/01/2015 09:21:34 AM,10/01/2015 09:26:57 AM,Advisal,34.0171429024023,-118.49415850640943,"(34.0171429024023, -118.494158506409)",,,060377019021032,06037701902
150128297,Loitering,10/01/2015,1600BLK 5TH ST,B001,0B1H,10/01/2015 09:17:45 AM,10/01/2015 09:39:39 AM,Advisal,34.01382363936569,-118.49028430584158,"(34.0138236393657, -118.490284305842)",,,060377019023013,06037701902
150128296,Pedestrian Stop,10/01/2015,1700BLK OCEAN FRONT WALK,B001,0B1E,10/01/2015 09:14:02 AM,10/01/2015 10:26:21 AM,Assist,34.008720638138421,-118.49405007587231,"(34.0087206381384, -118.494050075872)",,,060377019023030,06037701902
150128294,Traffic/Vehicle Stop,10/01/2015,1600BLK LINCOLN BLVD,B001,0B1H,10/01/2015 09:08:57 AM,10/01/2015 09:20:19 AM,Citation/Oth Enforcement,34.016767149925023,-118.48819434134784,"(34.016767149925, -118.488194341348)",,,060377019023000,06037701902
150128293,Traffic Accident with Injuries,10/01/2015,YALE ST / WILSHIRE BLVD,B003,0B3A,10/01/2015 09:08:39 AM,10/01/2015 10:23:15 AM,Report,34.03828565381567,-118.47464250322624,"(34.0382856538157, -118.474642503226)",,,060377016022000,06037701602
150128291,Violation of Posted SIgn,10/01/2015,1500BLK 20TH ST,B003,0B3G,10/01/2015 09:00:54 AM,10/01/2015 09:11:41 AM,Gone on Arrival,34.026672707408636,-118.47767261573164,"(34.0266727074086, -118.477672615732)",,,060377017021015,06037701702
150128290,Mark & Tag Abandoned Vehicle,10/01/2015,1800BLK MAIN ST,B001,0B1G,10/01/2015 08:57:06 AM,10/01/2015 09:16:32 AM,Citation/Oth Enforcement,34.012551682867041,-118.49339371829517,"(34.012551682867, -118.493393718295)",,,060377019023020,06037701902
150128289,Trespassing,10/01/2015,700BLK SANTA MONICA BLVD,B001,0B1J,10/01/2015 08:56:11 AM,10/01/2015 09:23:40 AM,Advisal,34.0190997448228,-118.49183975970503,"(34.0190997448228, -118.491839759705)",,,060377019021024,06037701902
150128288,Follow Up,10/01/2015,2500BLK MAIN ST,B001,0B1F,10/01/2015 08:53:30 AM,10/01/2015 09:22:50 AM,Other,34.00362653810096,-118.48521368750403,"(34.003626538101, -118.485213687504)",,,060377020022013,06037702002
150128287,General Parking Problem,10/01/2015,CITYWIDE SWEEPER,9999,9999,10/01/2015 08:52:53 AM,10/01/2015 12:38:41 PM,Citation/Oth Enforcement,,,,,,,
150128284,Check Temporary No Parking Signs,10/01/2015,900BLK 2ND ST,B004,0B4D,10/01/2015 08:45:51 AM,10/01/2015 09:03:18 AM,Checks Okay,34.020987128631027,-118.50418048332999,"(34.020987128631, -118.50418048333)",,,060377014021009,06037701402
150128283,Trespassing,10/01/2015,700BLK SANTA MONICA BLVD,B001,0B1J,10/01/2015 08:44:54 AM,10/01/2015 09:14:28 AM,Advisal,34.0190997448228,-118.49183975970503,"(34.0190997448228, -118.491839759705)",,,060377019021024,06037701902
150128281,Traffic/Vehicle Stop,10/01/2015,LINCOLN BLVD / PICO BLVD,B002,0B2A,10/01/2015 08:40:28 AM,10/01/2015 08:45:53 AM,Advisal,34.012292114213714,-118.48295959762351,"(34.0122921142137, -118.482959597624)",,,060377019023022,06037701902
150128280,Fraud Report,10/01/2015,3100BLK SANTA MONICA BLVD,B003,0B3A,10/01/2015 08:37:07 AM,10/01/2015 09:44:13 AM,Report,34.037860021473065,-118.46869109179903,"(34.0378600214731, -118.468691091799)",,,060377017011001,06037701701
150128279,At Court,10/01/2015,LAX COURTHOUSE,9999,9999,10/01/2015 08:33:29 AM,10/01/2015 11:47:46 AM,Other,,,,,,,
150128278,At Court,10/01/2015,1700BLK MAIN ST,B001,0B1G,10/01/2015 08:27:48 AM,10/01/2015 11:36:43 AM,Other,34.012551682867041,-118.49339371829517,"(34.012551682867, -118.493393718295)",,,060377019023020,06037701902
150128277,Audible Burglar Alarm,10/01/2015,2100BLK PIER AVE,B002,0B2C,10/01/2015 08:27:44 AM,10/01/2015 09:04:48 AM,Checks Okay,34.011370251077238,-118.46037187596815,"(34.0113702510772, -118.460371875968)",,,060377023002028,06037702300
150128276,Elder Abuse,10/01/2015,900BLK 17TH ST,B004,0B4E,10/01/2015 08:26:07 AM,10/01/2015 09:38:57 AM,Field Interview,34.0324832653856,-118.48999266558764,"(34.0324832653856, -118.489992665588)",,,060377012022012,06037701202
150128275,Out of Order Traffic Signals,10/01/2015,LINCOLN BLVD / OLYMPIC BLVD W,B001,0B1H,10/01/2015 08:25:13 AM,10/01/2015 08:39:52 AM,Assist,34.015197476267922,-118.48633669036705,"(34.0151974762679, -118.486336690367)",,,060377019023003,06037701902
150128274,Periodic Check,10/01/2015,2300BLK 4TH ST,B002,0B2A,10/01/2015 08:22:18 AM,10/01/2015 08:28:52 AM,Advisal,34.006568033667556,-118.48411751173896,"(34.0065680336676, -118.484117511739)",,,060377020024016,06037702002
150128273,Violation of Preferential Parking Zone,10/01/2015,3300BLK BARNARD WAY,B001,0B1E,10/01/2015 08:17:33 AM,10/01/2015 09:16:27 AM,Gone on Arrival,33.997395337926982,-118.48045051309124,"(33.997395337927, -118.480450513091)",,,060377021021005,06037702102
150128272,Pedestrian Stop,10/01/2015,LINCOLN BLVD / OLYMPIC BLVD W,B001,0B1H,10/01/2015 08:11:14 AM,10/01/2015 08:14:47 AM,Advisal,34.015197476267922,-118.48633669036705,"(34.0151974762679, -118.486336690367)",,,060377019023003,06037701902
150128271,Loitering,10/01/2015,1500BLK LINCOLN BLVD ,B001,0B1J,10/01/2015 08:03:45 AM,10/01/2015 08:40:10 AM,Advisal,34.018103448282481,-118.48975805325141,"(34.0181034482825, -118.489758053251)",,,060377019021026,06037701902
150128270,Audible Burglar Alarm,10/01/2015,100BLK BAY ST,B001,0B1F,10/01/2015 08:03:00 AM,10/01/2015 08:22:35 AM,Checks Okay,34.006926444665325,-118.4892412150955,"(34.0069264446653, -118.489241215096)",,,060377020021010,06037702002
150128269,At Court,10/01/2015,LAX COURTHOUSE,9999,9999,10/01/2015 08:02:02 AM,10/01/2015 05:40:18 PM,Other,,,,,,,
150128268,Silent Robbery Alarm,10/01/2015,1600BLK STANFORD ST,B003,0B3F,10/01/2015 07:51:29 AM,10/01/2015 08:39:33 AM,Checks Okay,34.033266446590737,-118.46628701725729,"(34.0332664465907, -118.466287017257)",,,060377018011015,06037701801
150128267,Municipal Code Violation,10/01/2015,1500BLK PALISADES PARK,B001,0B1L,10/01/2015 07:48:57 AM,10/01/2015 11:12:33 AM,Arrest,34.011461428751844,-118.49507112685193,"(34.0114614287518, -118.495071126852)",,,060377019023039,06037701902
150128266,At Court,10/01/2015,LAX COURT,9999,9999,10/01/2015 07:48:45 AM,10/01/2015 05:31:45 PM,Other,,,,,,,
150128265,Periodic Check,10/01/2015,1500BLK CALIFORNIA AVE,B004,0B4E,10/01/2015 07:37:08 AM,10/01/2015 08:50:50 AM,Advisal,34.029306118230224,-118.48903796339312,"(34.0293061182302, -118.489037963393)",,,060377015012010,06037701501
150128262,Information Only Broadcast,10/01/2015,1400BLK 2ND ST ,B001,0B1L,10/01/2015 07:28:41 AM,10/01/2015 08:36:32 AM,Cancelled,34.014840998953815,-118.49699176278527,"(34.0148409989538, -118.496991762785)",,,060377019022009,06037701902
150128261,Pedestrian Stop,10/01/2015,400BLK WILSHIRE BLVD,B001,0B1J,10/01/2015 07:25:58 AM,10/01/2015 07:43:15 AM,Advisal,34.01915030306413,-118.49825747952207,"(34.0191503030641, -118.498257479522)",,,060377019021008,06037701902
150128260,Pedestrian Stop,10/01/2015,200BLK SANTA MONICA PIER,B001,0B1D,10/01/2015 07:21:08 AM,10/01/2015 07:22:22 AM,Advisal,34.010965202246147,-118.49544169162718,"(34.0109652022461, -118.495441691627)",,,060377019023030,06037701902
150128257,Vehicle Parked in Alley,10/01/2015,1800BLK OCEAN PARK BLVD,B002,0B2C,10/01/2015 07:07:42 AM,10/01/2015 07:34:27 AM,Gone on Arrival,34.013201796670984,-118.46555652406501,"(34.013201796671, -118.465556524065)",,,060377022022015,06037702202
150128256,Person Down,10/01/2015,1600BLK 5TH ST,B001,0B1H,10/01/2015 07:06:43 AM,10/01/2015 07:16:04 AM,Advisal,34.014463682795942,-118.49102748298586,"(34.0144636827959, -118.491027482986)",,,060377019023013,06037701902
150128255,Periodic Check,10/01/2015,NORTH BEACH,9999,9999,10/01/2015 07:06:23 AM,10/01/2015 07:43:20 AM,Other,,,,,,,
150128254,Pedestrian Stop,10/01/2015,2300BLK LINCOLN BLVD,B002,0B2A,10/01/2015 07:04:52 AM,10/01/2015 07:29:20 AM,Advisal,34.009757006956477,-118.47985214513663,"(34.0097570069565, -118.479852145137)",,,060377020023006,06037702002
150128250,Pedestrian Stop,10/01/2015,10TH ST / WILSHIRE BLVD,B003,0B3A,10/01/2015 06:42:36 AM,10/01/2015 06:53:52 AM,Assist,34.023707481707817,-118.49262673616133,"(34.0237074817078, -118.492626736161)",,,060377015023004,06037701502
150128247,Vehicle Burglar Alarm,10/01/2015,1200BLK EUCLID ST,B003,0B3A,10/01/2015 06:32:20 AM,10/01/2015 06:37:46 AM,Other,34.025318633171615,-118.48898447817335,"(34.0253186331716, -118.488984478173)",,,060377015022005,06037701502
150128246,Audible Burglar Alarm,10/01/2015,1600BLK 11TH ST ,B003,0B3C,10/01/2015 06:23:13 AM,10/01/2015 06:34:31 AM,Checks Okay,34.01907197674074,-118.48535810498296,"(34.0190719767407, -118.485358104983)",,,060377018024024,06037701802
150128245,Traffic/Vehicle Stop,10/01/2015,2200BLK DORCHESTER AVE,B003,0B3E,10/01/2015 06:19:43 AM,10/01/2015 06:44:47 AM,Advisal,34.026110164922429,-118.45893183570237,"(34.0261101649224, -118.458931835702)",,,060377018013009,06037701801
150128244,Pedestrian Stop,10/01/2015,1300BLK 3RD STREET PROM,B001,0B1K,10/01/2015 06:05:35 AM,10/01/2015 06:16:43 AM,Field Interview,34.0169561819618,-118.49761294630665,"(34.0169561819618, -118.497612946307)",,,060377019022002,06037701902
150128243,Audible Burglar Alarm,10/01/2015,2600BLK HIGHLAND AVE,B002,0B2A,10/01/2015 05:54:40 AM,10/01/2015 06:28:27 AM,Checks Okay,34.004944903425105,-118.47783585715429,"(34.0049449034251, -118.477835857154)",,,060377021026009,06037702102
150128241,Periodic Check,10/01/2015,100BLK BROADWAY,B001,0B1L,10/01/2015 05:53:30 AM,10/01/2015 05:59:35 AM,Checks Okay,34.013155080310071,-118.49594603298471,"(34.0131550803101, -118.495946032985)",,,060377019022017,06037701902
150128240,Construction Noise,10/01/2015,2000BLK WILSHIRE BLVD,B004,0B4E,10/01/2015 05:52:15 AM,10/01/2015 06:07:07 AM,Advisal,34.031740065238189,-118.4827258280224,"(34.0317400652382, -118.482725828022)",,,060377016023016,06037701602
150128239,Loud Music,10/01/2015,1900BLK 4TH ST,B002,0B2A,10/01/2015 05:35:36 AM,10/01/2015 05:50:53 AM,Gone on Arrival,34.009251354608224,-118.48686981134016,"(34.0092513546082, -118.48686981134)",,,060377020024008,06037702002
150128238,Municipal Code Violation,10/01/2015,32ND ST / OCEAN PARK BLVD,B002,0B2D,10/01/2015 05:27:27 AM,10/01/2015 06:15:47 AM,Gone on Arrival,34.021097908994243,-118.45197538809602,"(34.0210979089942, -118.451975388096)",,,060377023005007,06037702300
150128236,Traffic/Vehicle Stop,10/01/2015,1700BLK 22ND ST,B003,0B3F,10/01/2015 05:23:11 AM,10/01/2015 05:26:41 AM,Gone on Arrival,34.025142289274569,-118.47238599429724,"(34.0251422892746, -118.472385994297)",,,060377018015011,06037701801
150128234,Periodic Check,10/01/2015,2100BLK 6TH ST,B002,0B2A,10/01/2015 05:17:30 AM,10/01/2015 05:17:36 AM,Checks Okay,34.0092920388642,-118.48394725640972,"(34.0092920388642, -118.48394725641)",,,060377020024002,06037702002
150128232,Periodic Check,10/01/2015,1700BLK BERKELEY ST,B003,0B3F,10/01/2015 05:09:01 AM,10/01/2015 05:16:27 AM,Checks Okay,34.032598988322938,-118.46393542268908,"(34.0325989883229, -118.463935422689)",,,060377018011010,06037701801
150128231,Trespassing,10/01/2015,1200BLK 6TH ST,B001,0B1J,10/01/2015 05:06:54 AM,10/01/2015 05:29:58 AM,Gone on Arrival,34.019956798433284,-118.49560660722329,"(34.0199567984333, -118.495606607223)",,,060377019021005,06037701902
150128229,Traffic Hazard,10/01/2015,LINCOLN BLVD / PICO BLVD,B002,0B2A,10/01/2015 05:04:08 AM,10/01/2015 05:11:54 AM,Gone on Arrival,34.012292114213714,-118.48295959762351,"(34.0122921142137, -118.482959597624)",,,060377019023022,06037701902
150128224,Pedestrian Stop,10/01/2015,1600BLK OCEAN FRONT WALK,B001,0B1E,10/01/2015 04:38:52 AM,10/01/2015 04:45:34 AM,Advisal,34.010505439786137,-118.49595815921774,"(34.0105054397861, -118.495958159218)",,,060377019023030,06037701902
150128223,Suspicious Person,10/01/2015,20TH ST / DELAWARE AVE,B003,0B3D,10/01/2015 04:37:57 AM,10/01/2015 05:00:13 AM,Assist,34.021926218652276,-118.47212516562854,"(34.0219262186523, -118.472125165629)",,,060377018021000,06037701802
150128222,Periodic Check,10/01/2015,500BLK PACIFIC COAST HWY,B001,0B1A,10/01/2015 04:35:11 AM,10/01/2015 04:36:24 AM,Checks Okay,34.023430579331517,-118.51079090739002,"(34.0234305793315, -118.51079090739)",,,060377013043022,06037701304
150128221,Pedestrian Stop,10/01/2015,2500BLK MAIN ST,B001,0B1F,10/01/2015 04:25:05 AM,10/01/2015 04:36:48 AM,Advisal,34.002884637373477,-118.48446962218203,"(34.0028846373735, -118.484469622182)",,,060377020022013,06037702002
150128220,Periodic Check,10/01/2015,1300BLK MONTANA AVE,B004,0B4E,10/01/2015 04:18:41 AM,10/01/2015 04:19:43 AM,Checks Okay,34.031463982461965,-118.49607579571563,"(34.031463982462, -118.496075795716)",,,060377013021001,06037701302
150128219,Periodic Check,10/01/2015,2300BLK 4TH ST,B002,0B2A,10/01/2015 04:16:45 AM,10/01/2015 04:20:35 AM,Checks Okay,34.006568033667556,-118.48411751173896,"(34.0065680336676, -118.484117511739)",,,060377020024016,06037702002
150128218,Periodic Check,10/01/2015,1400BLK 14TH ST,B003,0B3B,10/01/2015 04:08:58 AM,10/01/2015 04:12:07 AM,Checks Okay,34.023414328526378,-118.48491404954083,"(34.0234143285264, -118.484914049541)",,,060377017022004,06037701702
150128217,Disturbance of the Peace,10/01/2015,1300BLK 3RD STREET PROM ,B001,0B1K,10/01/2015 03:59:03 AM,10/01/2015 04:36:41 AM,Gone on Arrival,34.0169561819618,-118.49761294630665,"(34.0169561819618, -118.497612946307)",,,060377019022002,06037701902
150128216,Periodic Check,10/01/2015,2200BLK SANTA MONICA BLVD ,B003,0B3A,10/01/2015 03:56:33 AM,10/01/2015 04:07:29 AM,Advisal,34.030700339046682,-118.47752481373998,"(34.0307003390467, -118.47752481374)",,,060377016023020,06037701602
150128215,Party Complaint,10/01/2015,00BLK BAY ST,B001,0B1E,10/01/2015 03:55:23 AM,10/01/2015 04:28:33 AM,Gone on Arrival,0,0,"(0, 0)",,,060377020021016,06037702002
150128214,Pedestrian Stop,10/01/2015,6TH ST / WILSHIRE BLVD,B001,0B1J,10/01/2015 03:45:43 AM,10/01/2015 04:16:29 AM,Advisal,34.020646385579958,-118.4964105384735,"(34.02064638558, -118.496410538473)",,,060377019021004,06037701902
150128213,Traffic/Vehicle Stop,10/01/2015,200BLK BROADWAY,B001,0B1K,10/01/2015 03:43:34 AM,10/01/2015 04:24:22 AM,Citation/Oth Enforcement,34.013539149425,-118.49547312798669,"(34.013539149425, -118.495473127987)",,,060377019022014,06037701902
150128212,Disturbance of the Peace,10/01/2015,2100BLK OCEAN AVE,B001,0B1F,10/01/2015 03:34:58 AM,10/01/2015 04:29:14 AM,Gone on Arrival,34.004905329358124,-118.48926767751007,"(34.0049053293581, -118.48926767751)",,,060377020021017,06037702002
150128208,Disturbance at a Business,10/01/2015,2100BLK SANTA MONICA BLVD,B003,0B3A,10/01/2015 03:23:19 AM,10/01/2015 03:42:52 AM,Gone on Arrival,34.031148395688625,-118.4796203048553,"(34.0311483956886, -118.479620304855)",,,060377016023018,06037701602
150128207,Disturbance of the Peace,10/01/2015,1600BLK APPIAN WAY,B001,0B1E,10/01/2015 03:05:16 AM,10/01/2015 04:30:24 AM,Gone on Arrival,34.010364050271484,-118.49512916418587,"(34.0103640502715, -118.495129164186)",,,060377019023033,06037701902
150128206,Suspicious Vehicle,10/01/2015,300BLK OLYMPIC DR,B001,0B1G,10/01/2015 03:05:05 AM,10/01/2015 03:11:24 AM,Cancelled,34.012551682867041,-118.49339371829517,"(34.012551682867, -118.493393718295)",,,060377019023020,06037701902
150128205,Person with a Gun,10/01/2015,300BLK SANTA MONICA BLVD,B001,0B1K,10/01/2015 03:01:51 AM,10/01/2015 03:33:41 AM,Field Interview,34.016030745385521,-118.49562014716848,"(34.0160307453855, -118.495620147168)",,,060377019022012,06037701902
150128204,Periodic Check,10/01/2015,2100BLK 6TH ST,B002,0B2A,10/01/2015 02:55:52 AM,10/01/2015 02:56:52 AM,Checks Okay,34.0092920388642,-118.48394725640972,"(34.0092920388642, -118.48394725641)",,,060377020024002,06037702002
150128203,Pedestrian Stop,10/01/2015,700BLK WILSHIRE BLVD,B001,0B1J,10/01/2015 02:54:49 AM,10/01/2015 03:05:30 AM,Advisal,34.021790940354151,-118.49499165921193,"(34.0217909403542, -118.494991659212)",,,060377019021002,06037701902
150128201,Periodic Check,10/01/2015,2600BLK OCEAN PARK BLVD,B002,0B2D,10/01/2015 02:51:32 AM,10/01/2015 03:02:28 AM,Checks Okay,34.017527620347316,-118.4581319669273,"(34.0175276203473, -118.458131966927)",,,060377023005008,06037702300
150128200,Periodic Check,10/01/2015,1500BLK 9TH ST,B003,0B3C,10/01/2015 02:35:38 AM,10/01/2015 02:39:22 AM,Checks Okay,34.018871043800004,-118.48881155004894,"(34.0188710438, -118.488811550049)",,,060377017023013,06037701702
150128199,Pedestrian Stop,10/01/2015,600BLK BROADWAY,B001,0B1I,10/01/2015 02:24:55 AM,10/01/2015 02:27:57 AM,Advisal,34.0169924598677,-118.49122194056415,"(34.0169924598677, -118.491221940564)",,,060377019021028,06037701902
150128629,Suspicious Vehicle,10/01/2015,900BLK 16TH ST,B004,0B4E,10/01/2015 10:33:55 PM,10/01/2015 10:38:53 PM,Checks Okay,34.032348082274666,-118.49167430706083,"(34.0323480822747, -118.491674307061)",,,060377012022010,06037701202
150128628,Pedestrian Stop,10/01/2015,600BLK WILSHIRE BLVD ,B001,0B1J,10/01/2015 10:24:05 PM,10/01/2015 10:39:25 PM,Advisal,34.021027877345176,-118.4959348614839,"(34.0210278773452, -118.495934861484)",,,060377019021004,06037701902
150128626,Loud Music,10/01/2015,1300BLK EUCLID ST,B003,0B3A,10/01/2015 10:13:22 PM,10/01/2015 10:33:51 PM,Gone on Arrival,34.023980500908884,-118.48742052600134,"(34.0239805009089, -118.487420526001)",,,060377015022008,06037701502
150128625,Traffic Hazard,10/01/2015,1900BLK INTERSTATE 10,B003,0B3D,10/01/2015 10:12:52 PM,10/01/2015 10:24:57 PM,Gone on Arrival,34.022379922506929,-118.47508006849044,"(34.0223799225069, -118.47508006849)",,,060377018024009,06037701802
150128624,9-1-1 Hang Up,10/01/2015,1500BLK OCEAN AVE ,B001,0B1L,10/01/2015 10:09:36 PM,10/01/2015 10:34:46 PM,Checks Okay,34.012717552980682,-118.49639377693012,"(34.0127175529807, -118.49639377693)",,,060377019022017,06037701902
150128623,Pedestrian Stop,10/01/2015,1200BLK 6TH ST,B001,0B1J,10/01/2015 10:09:04 PM,10/01/2015 10:23:58 PM,Advisal,34.020598561020151,-118.49635481187769,"(34.0205985610202, -118.496354811878)",,,060377019021005,06037701902
150128622,Status Check,10/01/2015,600BLK PALISADES AVE,B004,0B4C,10/01/2015 10:08:52 PM,10/01/2015 10:28:29 PM,Gone on Arrival,34.026941321845527,-118.50339167390158,"(34.0269413218455, -118.503391673902)",,,060377013042011,06037701304
150128619,Audible Burglar Alarm,10/01/2015,100BLK BROADWAY,B001,0B1L,10/01/2015 10:00:02 PM,10/01/2015 10:28:59 PM,Checks Okay,34.013155080310071,-118.49594603298471,"(34.0131550803101, -118.495946032985)",,,060377019022017,06037701902
150128618,Identity Theft,10/01/2015,300BLK OLYMPIC DR,B001,0B1G,10/01/2015 09:55:44 PM,10/01/2015 09:55:44 PM,File Only,34.012551682867041,-118.49339371829517,"(34.012551682867, -118.493393718295)",,,060377019023020,06037701902
150128617,Pedestrian Stop,10/01/2015,7TH ST / BROADWAY,B001,0B1I,10/01/2015 09:53:42 PM,10/01/2015 10:16:19 PM,Citation/Oth Enforcement,34.01737736197861,-118.49074912495239,"(34.0173773619786, -118.490749124952)",,,060377019021027,06037701902
150128616,Petty Theft Report,10/01/2015,300BLK OLYMPIC DR,B001,0B1G,10/01/2015 09:52:37 PM,10/01/2015 09:52:37 PM,File Only,34.012551682867041,-118.49339371829517,"(34.012551682867, -118.493393718295)",,,060377019023020,06037701902
150128615,Pedestrian Stop,10/01/2015,2ND ST / WASHINGTON AVE,B004,0B4D,10/01/2015 09:51:42 PM,10/01/2015 10:03:23 PM,Advisal,34.020312562547971,-118.50339113819953,"(34.020312562548, -118.5033911382)",,,060377014021010,06037701402
150128614,Pedestrian Stop,10/01/2015,1400BLK 4TH ST,B001,0B1K,10/01/2015 09:49:39 PM,10/01/2015 10:02:42 PM,Citation/Oth Enforcement,34.015745142206356,-118.49436725449992,"(34.0157451422064, -118.4943672545)",,,060377019021033,06037701902
150128613,Traffic Accident - No Injuries,10/01/2015,1100BLK PACIFIC COAST HWY,B001,0B1B,10/01/2015 09:49:21 PM,10/01/2015 09:49:21 PM,File Only,34.018230657533678,-118.50411474972316,"(34.0182306575337, -118.504114749723)",,,060377014021005,06037701402
150128611,Citizen Flag,10/01/2015,1300BLK 2ND ST,B001,0B1K,10/01/2015 09:40:13 PM,10/01/2015 09:45:10 PM,Assist,34.016184920127344,-118.4985637764588,"(34.0161849201273, -118.498563776459)",,,060377019022005,06037701902
150128610,Traffic/Vehicle Stop,10/01/2015,1300BLK OCEAN AVE,B001,0B1L,10/01/2015 09:34:30 PM,10/01/2015 09:37:55 PM,Advisal,34.015396838381349,-118.49953292546942,"(34.0153968383813, -118.499532925469)",,,060377019022008,06037701902
150128609,Traffic/Vehicle Stop,10/01/2015,1800BLK 18TH ST,B003,0B3D,10/01/2015 09:29:17 PM,10/01/2015 09:33:41 PM,Advisal,34.021473440471837,-118.47528317281977,"(34.0214734404718, -118.47528317282)",,,060377018021009,06037701802
150128608,Hit and Run Misdemeanor Investigation,10/01/2015,700BLK 15TH ST,B004,0B4B,10/01/2015 09:22:14 PM,10/01/2015 09:22:14 PM,File Only,34.033447213930948,-118.49480561237094,"(34.0334472139309, -118.494805612371)",,,060377012015019,06037701201
150128607,Found Property,10/01/2015,3RD STREET PROM / SANTA MONICA BLVD,B001,0B1K,10/01/2015 09:21:18 PM,10/01/2015 10:15:39 PM,Assist,34.015649301474319,-118.49608865098722,"(34.0156493014743, -118.496088650987)",,,060377019022011,06037701902
150128605,Disturbance at a Business,10/01/2015,1900BLK PICO BLVD ,B003,0B3D,10/01/2015 09:17:01 PM,10/01/2015 09:43:51 PM,Advisal,34.0189576185152,-118.47044376347348,"(34.0189576185152, -118.470443763473)",,,060377018021004,06037701802
150128604,Construction Noise,10/01/2015,4TH ST / HOLLISTER AVE,B002,0B2A,10/01/2015 09:15:43 PM,10/01/2015 09:36:47 PM,Advisal,34.0058322435438,-118.48337416037333,"(34.0058322435438, -118.483374160373)",,,060377020022002,06037702002
150128602,Pedestrian Stop,10/01/2015,700BLK MICHIGAN AVE,B001,0B1G,10/01/2015 09:00:05 PM,10/01/2015 09:15:29 PM,Field Interview,34.0130837037518,-118.48563600711259,"(34.0130837037518, -118.485636007113)",,,060377019023024,06037701902
150128601,Pedestrian Stop,10/01/2015,1500BLK 5TH ST,B001,0B1I,10/01/2015 08:53:00 PM,10/01/2015 09:08:59 PM,Field Interview,34.01580505362702,-118.49259199528726,"(34.015805053627, -118.492591995287)",,,060377019021035,06037701902
150128599,Pedestrian Stop,10/01/2015,600BLK BROADWAY,B001,0B1I,10/01/2015 08:50:26 PM,10/01/2015 10:04:53 PM,Citation/Oth Enforcement,34.0169924598677,-118.49122194056415,"(34.0169924598677, -118.491221940564)",,,060377019021028,06037701902
150128598,Hit and Run Misdemeanor Investigation,10/01/2015,LINCOLN BLVD / PICO BLVD,B002,0B2B,10/01/2015 08:50:12 PM,10/01/2015 10:29:12 PM,Assist,34.012292114213714,-118.48295959762351,"(34.0122921142137, -118.482959597624)",,,060377019023022,06037701902
150128198,Disturbance at a Business,10/01/2015,600BLK WILSHIRE BLVD ,B001,0B1J,10/01/2015 02:24:53 AM,10/01/2015 02:56:13 AM,Other,34.021027877345176,-118.4959348614839,"(34.0210278773452, -118.495934861484)",,,060377019021004,06037701902
150128197,Prowler Just Left,10/01/2015,2900BLK DELAWARE AVE,B003,0B3F,10/01/2015 02:23:23 AM,10/01/2015 03:06:52 AM,Assist,34.027995435548263,-118.46122121598546,"(34.0279954355483, -118.461221215985)",,,060377018012009,06037701801
150128196,Suspicious Vehicle,10/01/2015,3000BLK THE BEACH,B001,0B1E,10/01/2015 02:22:14 AM,10/01/2015 02:33:16 AM,Advisal,0,0,"(0, 0)",,,060377021021003,06037702102
150128195,Pedestrian Stop,10/01/2015,700BLK OZONE ST,B002,0B2A,10/01/2015 02:20:01 AM,10/01/2015 02:42:04 AM,Citation/Oth Enforcement,34.001277332270284,-118.4729141957489,"(34.0012773322703, -118.472914195749)",,,060377021022016,06037702102
150128194,Traffic/Vehicle Stop,10/01/2015,300BLK OCEAN AVE,B001,0B1O,10/01/2015 02:19:49 AM,10/01/2015 02:31:58 AM,Field Interview,34.026016366546777,-118.51333075965093,"(34.0260163665468, -118.513330759651)",,,060377013043016,06037701304
150128193,Status Check,10/01/2015,800BLK BROADWAY,B003,0B3B,10/01/2015 02:17:44 AM,10/01/2015 02:34:15 AM,Gone on Arrival,34.01852598789911,-118.48933103661346,"(34.0185259878991, -118.489331036613)",,,060377017023016,06037701702
150128192,Pedestrian Stop,10/01/2015,1400BLK OCEAN AVE,B001,0B1L,10/01/2015 02:15:46 AM,10/01/2015 02:19:39 AM,Advisal,34.013426734647226,-118.4972254990458,"(34.0134267346472, -118.497225499046)",,,060377019022009,06037701902
150128191,Mark & Tag Abandoned Vehicle,10/01/2015,1500BLK PACIFIC COAST HWY,B001,0B1C,10/01/2015 02:14:03 AM,10/01/2015 03:11:31 AM,Advisal,34.012106701795027,-118.49702656588543,"(34.012106701795, -118.497026565885)",,,060377019023037,06037701902
150128190,Periodic Check,10/01/2015,1400BLK PALISADES PARK,B001,0B1L,10/01/2015 02:13:19 AM,10/01/2015 02:15:40 AM,Checks Okay,0,0,"(0, 0)",,,060377019023038,06037701902
150128189,Periodic Check,10/01/2015,1300BLK PALISADES PARK,B001,0B1L,10/01/2015 02:09:52 AM,10/01/2015 02:13:11 AM,Checks Okay,0,0,"(0, 0)",,,060377019023038,06037701902
150128188,Periodic Check,10/01/2015,1300BLK PALISADES PARK,B001,0B1L,10/01/2015 02:00:05 AM,10/01/2015 02:09:43 AM,Advisal,0,0,"(0, 0)",,,060377019023038,06037701902
150128186,Disturbance of the Peace,10/01/2015,900BLK 4TH ST,B004,0B4D,10/01/2015 01:54:23 AM,10/01/2015 02:46:20 AM,Checks Okay,34.022515102616936,-118.50228499949978,"(34.0225151026169, -118.5022849995)",,,060377014022009,06037701402
150128185,Party Complaint,10/01/2015,2900BLK 4TH ST,B002,0B2A,10/01/2015 01:52:40 AM,10/01/2015 02:15:17 AM,Advisal,34.001197992443657,-118.47870010817525,"(34.0011979924437, -118.478700108175)",,,060377021027006,06037702102
150128184,Traffic/Vehicle Stop,10/01/2015,2600BLK MAIN ST,B001,0B1F,10/01/2015 01:49:47 AM,10/01/2015 02:06:28 AM,Citation/Oth Enforcement,34.002268186989355,-118.48384517882678,"(34.0022681869894, -118.483845178827)",,,060377021024003,06037702102
150128183,Audible Burglar Alarm,10/01/2015,1500BLK 4TH ST,B001,0B1I,10/01/2015 01:48:59 AM,10/01/2015 01:57:57 AM,Checks Okay,34.015037177032738,-118.49353755777472,"(34.0150371770327, -118.493537557775)",,,060377019022014,06037701902
150128182,FIRE REQUEST POLICE,10/01/2015,1400BLK OCEAN AVE ,B001,0B1L,10/01/2015 01:42:49 AM,10/01/2015 01:50:01 AM,Cancelled,34.013426734647226,-118.4972254990458,"(34.0134267346472, -118.497225499046)",,,060377019022009,06037701902
150128181,Pedestrian Stop,10/01/2015,800BLK 10TH ST,B004,0B4E,10/01/2015 01:37:05 AM,10/01/2015 01:57:24 AM,Field Interview,34.029085923959748,-118.49891339744399,"(34.0290859239597, -118.498913397444)",,,060377013022000,06037701302
150128178,Disturbance of the Peace,10/01/2015,BERKELEY ST / WILSHIRE BLVD,B003,0B3A,10/01/2015 01:33:58 AM,10/01/2015 02:13:50 AM,Gone on Arrival,34.039815087849526,-118.47275554026552,"(34.0398150878495, -118.472755540266)",,,060377016021009,06037701602
150128177,9-1-1 Hang Up,10/01/2015,100BLK COLORADO AVE ,B001,0B1G,10/01/2015 01:32:29 AM,10/01/2015 01:35:32 AM,Cancelled,34.01146650250012,-118.4948209032568,"(34.0114665025001, -118.494820903257)",,,060377019023019,06037701902
150128176,Follow Up,10/01/2015,2ND ST / WILSHIRE BLVD,B001,0B1K,10/01/2015 01:32:25 AM,10/01/2015 01:50:07 AM,Other,34.017578358387425,-118.50019300019191,"(34.0175783583874, -118.500193000192)",,,060377019022007,06037701902
150128174,Suspicious Circumstances,10/01/2015,800BLK WASHINGTON AVE,B004,0B4E,10/01/2015 01:10:11 AM,10/01/2015 01:23:36 AM,Checks Okay,34.025297875252768,-118.49725021734801,"(34.0252978752528, -118.497250217348)",,,060377015013007,06037701501
150128173,Audible Burglar Alarm,10/01/2015,2500BLK MICHIGAN AVE,B003,0B3F,10/01/2015 01:05:34 AM,10/01/2015 01:24:54 AM,Checks Okay,34.027429082311045,-118.4679360286718,"(34.027429082311, -118.467936028672)",,,060377018011026,06037701801
150128172,Traffic/Vehicle Stop,10/01/2015,500BLK WASHINGTON AVE,B004,0B4D,10/01/2015 01:00:20 AM,10/01/2015 01:09:46 AM,Advisal,34.022994351403241,-118.50008675103437,"(34.0229943514032, -118.500086751034)",,,060377014024004,06037701402
150128170,Disturbance of the Peace,10/01/2015,1200BLK PRINCETON ST,B003,0B3A,10/01/2015 12:51:34 AM,10/01/2015 01:30:15 AM,Gone on Arrival,34.036077256926767,-118.47570036272487,"(34.0360772569268, -118.475700362725)",,,060377016022006,06037701602
150128441,On Foot,10/01/2015,1200BLK 3RD STREET PROM,B001,0B1K,10/01/2015 02:34:37 PM,10/01/2015 03:20:07 PM,Other,34.017663280103314,-118.49844373034448,"(34.0176632801033, -118.498443730344)",,,060377019022004,06037701902
150128439,Violation of Temporary No Parking Signs,10/01/2015,700BLK EUCLID ST,B004,0B4B,10/01/2015 02:34:16 PM,10/01/2015 03:02:58 PM,Gone on Arrival,34.031910236111614,-118.49668671477275,"(34.0319102361116, -118.496686714773)",,,060377013044002,06037701304
150128436,Follow Up,10/01/2015,700BLK CALIFORNIA AVE,B004,0B4D,10/01/2015 02:27:49 PM,10/02/2015 09:11:07 AM,Other,34.023170285235437,-118.49660407983321,"(34.0231702852354, -118.496604079833)",,,060377014024000,06037701402
150128435,Trespassing,10/01/2015,1400BLK PRINCETON ST,B003,0B3A,10/01/2015 02:24:30 PM,10/01/2015 02:46:12 PM,Cancelled,34.033347031576071,-118.47264920663886,"(34.0333470315761, -118.472649206639)",,,060377017012007,06037701701
150128434,Pedestrian Stop,10/01/2015,200BLK WILSHIRE BLVD,B001,0B1K,10/01/2015 02:20:37 PM,10/01/2015 02:40:09 PM,Advisal,34.017916228105335,-118.4996671101,"(34.0179162281053, -118.4996671101)",,,060377019022004,06037701902
150128433,Handicap Zone Violation,10/01/2015,2300BLK 20TH ST,B002,0B2C,10/01/2015 02:12:41 PM,10/01/2015 02:16:51 PM,Advisal,34.016210014547823,-118.46673269105366,"(34.0162100145478, -118.466732691054)",,,060377022011010,06037702201
150128431,Traffic Accident - No Injuries,10/01/2015,LINCOLN BLVD / PICO BLVD,B002,0B2A,10/01/2015 02:09:51 PM,10/01/2015 03:16:59 PM,Assist,34.012292114213714,-118.48295959762351,"(34.0122921142137, -118.482959597624)",,,060377019023022,06037701902
150128429,Identity Theft,10/01/2015,1300BLK MARINE ST,B002,0B2B,10/01/2015 02:02:05 PM,10/01/2015 06:18:39 PM,Report,34.005354591343824,-118.46736486212532,"(34.0053545913438, -118.467364862125)",,,060377022024014,06037702202
150128428,Drinking in Public,10/01/2015,300BLK BAY ST,B002,0B2A,10/01/2015 02:00:10 PM,10/01/2015 03:55:46 PM,Gone on Arrival,34.008266020321273,-118.48733054136358,"(34.0082660203213, -118.487330541364)",,,060377020024009,06037702002
150128427,SCAR Investigation,10/01/2015,1700BLK 11TH ST,B003,0B3D,10/01/2015 01:59:24 PM,10/01/2015 01:59:24 PM,File Only,34.01652343792022,-118.48238748355539,"(34.0165234379202, -118.482387483555)",,,060377018023006,06037701802
150128426,Assault w/Deadly Weapon Report,10/01/2015,2700BLK PEARL ST,B002,0B2E,10/01/2015 01:54:30 PM,10/01/2015 02:13:00 PM,Cancelled,34.021001709775206,-118.45911927576424,"(34.0210017097752, -118.459119275764)",,,060377023005009,06037702300
150128425,Handicap Zone Violation,10/01/2015,2300BLK 21ST ST,B002,0B2C,10/01/2015 01:52:39 PM,10/01/2015 02:12:15 PM,Citation/Oth Enforcement,34.017263607431268,-118.46621111658108,"(34.0172636074313, -118.466211116581)",,,060377022011005,06037702201
150128424,Exhibition of Speed,10/01/2015,20TH ST / PICO BLVD,B002,0B2C,10/01/2015 01:47:28 PM,10/01/2015 01:48:19 PM,Other,34.0194865515486,-118.46945289536768,"(34.0194865515486, -118.469452895368)",,,060377018021004,06037701802
150128423,Status Check,10/01/2015,1500BLK OCEAN AVE ,B001,0B1L,10/01/2015 01:43:41 PM,10/01/2015 02:07:13 PM,Field Interview,34.012717552980682,-118.49639377693012,"(34.0127175529807, -118.49639377693)",,,060377019022017,06037701902
150128422,General Parking Problem,10/01/2015,1800BLK LA MESA DR,B004,0B4A,10/01/2015 01:42:50 PM,10/01/2015 02:11:41 PM,Unfounded,34.043414494437336,-118.4994313741478,"(34.0434144944373, -118.499431374148)",,,060377012011001,06037701201
150128421,Traffic/Vehicle Stop,10/01/2015,1700BLK LINCOLN BLVD,B001,0B1G,10/01/2015 01:41:26 PM,10/01/2015 02:03:06 PM,Citation/Oth Enforcement,34.014506657025024,-118.48552605743294,"(34.014506657025, -118.485526057433)",,,060377019023007,06037701902
150128420,Exhibition of Speed,10/01/2015,20TH ST / PICO BLVD,B002,0B2C,10/01/2015 01:40:09 PM,10/01/2015 01:40:44 PM,Other,34.0194865515486,-118.46945289536768,"(34.0194865515486, -118.469452895368)",,,060377018021004,06037701802
150128419,Suspicious Person,10/01/2015,1600BLK CLOVERFIELD BLVD,B003,0B3F,10/01/2015 01:39:40 PM,10/01/2015 03:38:51 PM,Gone on Arrival,34.028416796760233,-118.47381595531161,"(34.0284167967602, -118.473815955312)",,,060377018015000,06037701801
150128418,Violation of Posted SIgn,10/01/2015,1100BLK ARIZONA AVE,B003,0B3A,10/01/2015 01:39:37 PM,10/01/2015 01:57:22 PM,Unfounded,34.023845432183222,-118.4891905360103,"(34.0238454321832, -118.48919053601)",,,060377015023014,06037701502
150128417,Traffic Accident - No Injuries City Prop Involved,10/01/2015,2800BLK WILSHIRE BLVD,B004,0B4F,10/01/2015 01:34:08 PM,10/01/2015 05:43:39 PM,Report,34.037524150609,-118.47558080298076,"(34.037524150609, -118.475580802981)",,,060377016022000,06037701602
150128416,Assistance Call,10/01/2015,1100BLK 7TH ST,B001,0B1M,10/01/2015 01:32:43 PM,10/01/2015 01:56:56 PM,Gone on Arrival,34.022102122854143,-118.49627576473317,"(34.0221021228541, -118.496275764733)",,,060377014024010,06037701402
150128411,Traffic/Vehicle Stop,10/01/2015,1500BLK MICHIGAN AVE,B003,0B3D,10/01/2015 01:20:25 PM,10/01/2015 02:03:54 PM,Field Interview,34.019554601021,-118.47765167910474,"(34.019554601021, -118.477651679105)",,,060377018024012,06037701802
150128410,Health & Safety Code Violation,10/01/2015,600BLK SANTA MONICA BLVD ,B001,0B1J,10/01/2015 01:19:58 PM,10/01/2015 01:41:51 PM,Gone on Arrival,34.018331153639856,-118.49278625202403,"(34.0183311536399, -118.492786252024)",,,060377019021022,06037701902
150128409,Pedestrian Stop,10/01/2015,7TH ST / OLYMPIC BLVD W,B001,0B1H,10/01/2015 01:18:08 PM,10/01/2015 01:27:33 PM,Field Interview,34.014425669082,-118.48729665632398,"(34.014425669082, -118.487296656324)",,,060377019023001,06037701902
150128408,Fraud Report,10/01/2015,1500BLK 10TH ST,B003,0B3B,10/01/2015 01:13:00 PM,10/01/2015 04:39:03 PM,Cancelled,34.020341130850348,-118.48869086975213,"(34.0203411308503, -118.488690869752)",,,060377017023004,06037701702
150128407,Lost Property,10/01/2015,1500BLK THE BEACH,B001,0B1B,10/01/2015 01:10:43 PM,10/01/2015 01:10:43 PM,File Only,34.010123810588006,-118.49647884215844,"(34.010123810588, -118.496478842158)",,,060377019023030,06037701902
150128406,Pedestrian Stop,10/01/2015,5TH ST / WILSHIRE BLVD,B001,0B1J,10/01/2015 01:04:39 PM,,,34.019878046999871,-118.49736137777326,"(34.0198780469999, -118.497361377773)",,,060377019021007,06037701902
150128405,Traffic Accident with Injuries,10/01/2015,10TH ST / WILSHIRE BLVD,B003,0B3A,10/01/2015 01:04:16 PM,10/01/2015 01:04:54 PM,Cancelled,34.023707481707817,-118.49262673616133,"(34.0237074817078, -118.492626736161)",,,060377015023004,06037701502
150128404,Traffic Accident with Injuries,10/01/2015,9TH ST / WILSHIRE BLVD,B003,0B3A,10/01/2015 01:03:58 PM,10/01/2015 01:09:03 PM,Cancelled,34.022940612585977,-118.49357587236931,"(34.022940612586, -118.493575872369)",,,060377015023006,06037701502
150128403,Pedestrian Stop,10/01/2015,LINCOLN BLVD / SANTA MONICA BLVD,B001,0B1J,10/01/2015 01:03:37 PM,10/01/2015 01:16:46 PM,Citation/Oth Enforcement,34.019480799782777,-118.49137049394972,"(34.0194807997828, -118.49137049395)",,,060377019021018,06037701902
150128402,Traffic Accident with Injuries,10/01/2015,10TH ST / WILSHIRE BLVD,B003,0B3A,10/01/2015 01:03:21 PM,10/01/2015 01:04:11 PM,Cancelled,34.023707481707817,-118.49262673616133,"(34.0237074817078, -118.492626736161)",,,060377015023004,06037701502
150128401,Traffic Accident with Injuries,10/01/2015,900BLK WILSHIRE BLVD,B004,0B4E,10/01/2015 01:02:42 PM,10/01/2015 02:54:40 PM,Report,34.023321530487017,-118.49310440771632,"(34.023321530487, -118.493104407716)",,,060377015023005,06037701502
150128399,9-1-1 Hang Up,10/01/2015,1300BLK 2ND ST ,B001,0B1L,10/01/2015 12:56:37 PM,10/01/2015 12:57:31 PM,Cancelled,34.016184920127344,-118.4985637764588,"(34.0161849201273, -118.498563776459)",,,060377019022005,06037701902
150128398,Battery Report,10/01/2015,2000BLK COLORADO AVE,B003,0B3G,10/01/2015 12:55:57 PM,10/01/2015 05:37:55 PM,Advisal,34.026032301338951,-118.47683404244435,"(34.026032301339, -118.476834042444)",,,060377018015000,06037701801
150128397,Check Temporary No Parking Signs,10/01/2015,3000BLK AIRPORT AVE,B002,0B2D,10/01/2015 12:53:36 PM,10/01/2015 04:06:21 PM,Checks Okay,34.014491566447461,-118.44891920049025,"(34.0144915664475, -118.44891920049)",,,060377023002031,06037702300
150128396,Bike Theft Report,10/01/2015,600BLK SANTA MONICA BLVD,B001,0B1J,10/01/2015 12:53:12 PM,10/01/2015 02:03:15 PM,Report,34.018331153639856,-118.49278625202403,"(34.0183311536399, -118.492786252024)",,,060377019021022,06037701902
150128395,Disturbance at a Business,10/01/2015,3100BLK MAIN ST ,B001,0B1F,10/01/2015 12:52:17 PM,10/01/2015 01:44:52 PM,Advisal,33.9978392707292,-118.47940759969565,"(33.9978392707292, -118.479407599696)",,,060377021024013,06037702102
150128394,Petty Theft Report,10/01/2015,1300BLK 4TH ST,B001,0B1K,10/01/2015 12:51:40 PM,10/01/2015 04:18:16 PM,Telephone Report (PSS),34.01771766281751,-118.49666822535379,"(34.0177176628175, -118.496668225354)",,,060377019022001,06037701902
150128393,Status Check,10/01/2015,800BLK OCEAN AVE,B001,0B1N,10/01/2015 12:46:15 PM,10/01/2015 12:52:47 PM,Unfounded,34.022169038076456,-118.50744197339404,"(34.0221690380765, -118.507441973394)",,,060377014021002,06037701402
150128392,Trespassing,10/01/2015,300BLK SANTA MONICA PL,B001,0B1K,10/01/2015 12:42:31 PM,10/01/2015 12:58:26 PM,Gone on Arrival,0,0,"(0, 0)",,,060377019022014,06037701902
150128391,Pedestrian Stop,10/01/2015,6TH ST / WILSHIRE BLVD,B001,0B1J,10/01/2015 12:42:21 PM,10/01/2015 12:59:31 PM,Citation/Oth Enforcement,34.020646385579958,-118.4964105384735,"(34.02064638558, -118.496410538473)",,,060377019021004,06037701902
150128390,Animal Related Incident,10/01/2015,1300BLK GRANT ST,B002,0B2B,10/01/2015 12:41:47 PM,10/01/2015 12:55:07 PM,Other,34.014224426746672,-118.47540124136506,"(34.0142244267467, -118.475401241365)",,,060377022013008,06037702201
150128389,Municipal Code Violation,10/01/2015,2000BLK OCEAN AVE,B001,0B1F,10/01/2015 12:40:26 PM,10/01/2015 12:52:30 PM,Field Interview,34.006421941545938,-118.48995931990919,"(34.0064219415459, -118.489959319909)",,,060377020021008,06037702002
150128388,Mark & Tag Abandoned Vehicle,10/01/2015,1500BLK PACIFIC COAST HWY ,B001,0B1C,10/01/2015 12:39:22 PM,10/01/2015 01:10:03 PM,Citation/Oth Enforcement,34.012106701795027,-118.49702656588543,"(34.012106701795, -118.497026565885)",,,060377019023037,06037701902
150128387,Disturbance of the Peace,10/01/2015,2700BLK BARNARD WAY,B001,0B1F,10/01/2015 12:38:10 PM,10/01/2015 12:58:31 PM,Assist,34.00018982194316,-118.48513674011394,"(34.0001898219432, -118.485136740114)",,,060377021021001,06037702102
150128386,Drinking in Public,10/01/2015,1200BLK CALIFORNIA AVE,B004,0B4E,10/01/2015 12:36:33 PM,10/01/2015 01:13:08 PM,Gone on Arrival,34.02700594043656,-118.49187451909664,"(34.0270059404366, -118.491874519097)",,,060377015012005,06037701501
150128385,Found Property,10/01/2015,400BLK SANTA MONICA PIER,B001,0B1D,10/01/2015 12:34:29 PM,10/01/2015 12:34:29 PM,File Only,34.009354307839537,-118.49742272453651,"(34.0093543078395, -118.497422724537)",,,060377019023030,06037701902
150128384,Status Check,10/01/2015,900BLK MONTANA AVE,B004,0B4E,10/01/2015 12:32:59 PM,10/01/2015 01:21:15 PM,Assist,34.02873731056934,-118.49943368768898,"(34.0287373105693, -118.499433687689)",,,060377013022001,06037701302
150128383,Disturbance at a Business,10/01/2015,3000BLK LINCOLN BLVD,B002,0B2A,10/01/2015 12:29:06 PM,10/01/2015 12:37:42 PM,Cancelled,34.003920680394742,-118.4722863473645,"(34.0039206803947, -118.472286347365)",,,060377021023002,06037702102
150128382,Lost Property,10/01/2015,1300BLK 2ND ST,B001,0B1L,10/01/2015 12:28:53 PM,10/01/2015 12:28:53 PM,File Only,34.016184920127344,-118.4985637764588,"(34.0161849201273, -118.498563776459)",,,060377019022005,06037701902
150128381,Panic Alarm,10/01/2015,800BLK 17TH ST,B004,0B4E,10/01/2015 12:28:11 PM,10/01/2015 12:47:52 PM,Checks Okay,34.033818702150661,-118.49155773396714,"(34.0338187021507, -118.491557733967)",,,060377012022002,06037701202
150128379,Child Abuse,10/01/2015,3400BLK OCEAN PARK BLVD,B002,0B2E,10/01/2015 12:22:30 PM,10/01/2015 05:42:24 PM,Other,34.022318470972621,-118.44987164931172,"(34.0223184709726, -118.449871649312)",,,060377023001008,06037702300
150128378,Drinking in Public,10/01/2015,1300BLK 6TH ST ,B001,0B1J,10/01/2015 12:20:13 PM,10/01/2015 12:38:19 PM,Gone on Arrival,34.019248026342837,-118.49478022493064,"(34.0192480263428, -118.494780224931)",,,060377019021012,06037701902
150128377,9-1-1 Hang Up,10/01/2015,200BLK OCEAN AVE,B004,0B4C,10/01/2015 12:19:30 PM,10/01/2015 01:00:53 PM,Checks Okay,34.027033008998671,-118.5151156551013,"(34.0270330089987, -118.515115655101)",,,060377013043016,06037701304
150128375,9-1-1 Hang Up,10/01/2015,3400BLK EXPOSITION BLVD,B003,0B3F,10/01/2015 12:17:23 PM,10/01/2015 12:17:42 PM,Cancelled,34.029619969457066,-118.45752149333946,"(34.0296199694571, -118.457521493339)",,,060377018012001,06037701801
150128374,Traffic/Vehicle Stop,10/01/2015,1100BLK PACIFIC COAST HWY,B001,0B1B,10/01/2015 12:17:00 PM,10/01/2015 12:35:03 PM,Citation/Oth Enforcement,34.026390989968682,-118.51609384276625,"(34.0263909899687, -118.516093842766)",,,060372628022006,06037262802
150128373,Bike Theft Report,10/01/2015,3RD ST / WASHINGTON AVE,B004,0B4D,10/01/2015 12:15:45 PM,10/01/2015 01:43:56 PM,Telephone Report (PSS),34.021077639431745,-118.50244915027146,"(34.0210776394317, -118.502449150271)",,,060377014023004,06037701402
150128372,Violation of Posted SIgn,10/01/2015,1100BLK 4TH ST,B001,0B1M,10/01/2015 12:14:12 PM,10/01/2015 12:38:14 PM,Advisal,34.020440409440731,-118.49985329989052,"(34.0204404094407, -118.499853299891)",,,060377014023013,06037701402
150128371,Violation of Posted SIgn,10/01/2015,800BLK SANTA MONICA BLVD,B003,0B3A,10/01/2015 12:13:43 PM,10/01/2015 12:36:07 PM,Citation/Oth Enforcement,34.019517610122939,-118.49132516142463,"(34.0195176101229, -118.491325161425)",,,060377015023015,06037701502
150128370,Periodic Check,10/01/2015,200BLK SANTA MONICA PIER,B001,0B1D,10/01/2015 12:08:27 PM,10/01/2015 12:45:12 PM,Other,34.010965202246147,-118.49544169162718,"(34.0109652022461, -118.495441691627)",,,060377019023030,06037701902
150128369,72 Hour Psychiatric Hold,10/01/2015,2100BLK CLOVERFIELD BLVD,B003,0B3E,10/01/2015 12:04:05 PM,10/01/2015 12:32:36 PM,Cancelled,34.021527850162066,-118.46573694093804,"(34.0215278501621, -118.465736940938)",,,060377018015031,06037701801
150128367,Red Zone Violation,10/01/2015,1100BLK 23RD ST,B004,0B4F,10/01/2015 12:02:42 PM,10/01/2015 12:59:00 PM,Citation/Oth Enforcement,34.034100493963841,-118.48151053760667,"(34.0341004939638, -118.481510537607)",,,060377016014024,06037701601
150128366,Disturbance at a Business,10/01/2015,700BLK SANTA MONICA BLVD,B001,0B1J,10/01/2015 11:59:13 AM,10/01/2015 12:07:57 PM,Cancelled,34.0190997448228,-118.49183975970503,"(34.0190997448228, -118.491839759705)",,,060377019021024,06037701902
150128365,Hit and Run Misdemeanor Investigation,10/01/2015,700BLK 15TH ST,B004,0B4B,10/01/2015 11:55:16 AM,10/01/2015 04:46:54 PM,Cancelled,34.033447213930948,-118.49480561237094,"(34.0334472139309, -118.494805612371)",,,060377012015019,06037701201
150128363,Traffic/Vehicle Stop,10/01/2015,800BLK PICO BLVD,B002,0B2B,10/01/2015 11:44:49 AM,10/01/2015 02:39:43 PM,Citation/Oth Enforcement,34.012328783323575,-118.48288962088631,"(34.0123287833236, -118.482889620886)",,,060377018023015,06037701802
150128361,Traffic/Vehicle Stop,10/01/2015,3300BLK PICO BLVD,B002,0B2E,10/01/2015 11:43:41 AM,10/01/2015 11:54:17 AM,Citation/Oth Enforcement,34.026828282977156,-118.45544955822918,"(34.0268282829772, -118.455449558229)",,,060377018013003,06037701801
150128360,Check Temporary No Parking Signs,10/01/2015,2200BLK 16TH ST,B002,0B2B,10/01/2015 11:35:49 AM,10/01/2015 12:00:38 PM,Checks Okay,34.015668303021613,-118.47291351096614,"(34.0156683030216, -118.472913510966)",,,060377022013003,06037702201
150128359,Pedestrian Stop,10/01/2015,1600BLK ASHLAND AVE,B002,0B2C,10/01/2015 11:33:43 AM,10/01/2015 11:38:41 AM,Advisal,33.999401329835194,-118.48131031425842,"(33.9994013298352, -118.481310314258)",,,060377021024006,06037702102
150128357,Status Check,10/01/2015,2000BLK 19TH ST,B003,0B3D,10/01/2015 11:31:05 AM,10/01/2015 12:29:02 PM,Advisal,34.019412533154039,-118.47103448754012,"(34.019412533154, -118.47103448754)",,,060377018021006,06037701802
150128356,Periodic Check,10/01/2015,2300BLK 4TH ST,B002,0B2A,10/01/2015 11:30:55 AM,10/01/2015 11:35:21 AM,Checks Okay,34.006568033667556,-118.48411751173896,"(34.0065680336676, -118.484117511739)",,,060377020024016,06037702002
150128355,Violation of Posted SIgn,10/01/2015,1400BLK 6TH ST,B001,0B1J,10/01/2015 11:27:09 AM,10/01/2015 11:30:47 AM,Gone on Arrival,34.01790567550357,-118.49321212757535,"(34.0179056755036, -118.493212127575)",,,060377019021021,06037701902
150128354,Traffic/Vehicle Stop,10/01/2015,2000BLK LINCOLN BLVD,B002,0B2A,10/01/2015 11:22:52 AM,10/01/2015 11:50:02 AM,Citation/Oth Enforcement,34.011547308571942,-118.48207604688801,"(34.0115473085719, -118.482076046888)",,,060377020023001,06037702002
150128353,Violation of Posted SIgn,10/01/2015,800BLK SANTA MONICA BLVD ,B003,0B3B,10/01/2015 11:22:47 AM,10/01/2015 11:32:32 AM,Unfounded,34.019517610122939,-118.49132516142463,"(34.0195176101229, -118.491325161425)",,,060377015023015,06037701502
150128352,Grand Theft Auto Report,10/01/2015,1200BLK CEDAR ST,B004,0B4A,10/01/2015 11:22:13 AM,10/01/2015 11:24:46 AM,Other,34.011604654791086,-118.47411866062984,"(34.0116046547911, -118.47411866063)",,,060377022012007,06037702201
150128351,Municipal Code Violation,10/01/2015,1500BLK OCEAN AVE,B001,0B1L,10/01/2015 11:21:54 AM,10/01/2015 11:26:13 AM,Advisal,34.012717552980682,-118.49639377693012,"(34.0127175529807, -118.49639377693)",,,060377019022017,06037701902
150128350,Municipal Code Violation,10/01/2015,OCEAN AVE / BROADWAY,B001,0B1L,10/01/2015 11:18:50 AM,10/01/2015 11:21:43 AM,Advisal,34.012755421275926,-118.49643812663034,"(34.0127554212759, -118.49643812663)",,,060377019022017,06037701902
150128349,Hit and Run Misdemeanor Investigation,10/01/2015,11TH ST / PINE ST,B002,0B2B,10/01/2015 11:17:29 AM,10/01/2015 04:40:09 PM,Advisal,34.009841404556433,-118.47522466644625,"(34.0098414045564, -118.475224666446)",,,060377022015003,06037702201
150128348,Traffic/Vehicle Stop,10/01/2015,1400BLK 6TH ST,B001,0B1J,10/01/2015 11:14:48 AM,10/01/2015 11:43:29 AM,Citation/Oth Enforcement,34.017276896514893,-118.49247631790743,"(34.0172768965149, -118.492476317907)",,,060377019021021,06037701902
150128347,Transport Prisoner,10/01/2015,2000BLK VENICE BLVD,9999,9999,10/01/2015 11:13:28 AM,10/01/2015 02:34:44 PM,Arrest,,,,,,,
150128346,Traffic/Vehicle Stop,10/01/2015,800BLK INTERSTATE 10,B003,0B3D,10/01/2015 11:07:38 AM,10/01/2015 11:21:08 AM,Citation/Oth Enforcement,34.014852135268015,-118.48593128871819,"(34.014852135268, -118.485931288718)",,,060377019023005,06037701902
150128345,Trespassing,10/01/2015,800BLK PACIFIC ST,B002,0B2B,10/01/2015 11:06:33 AM,10/01/2015 01:17:14 PM,Gone on Arrival,34.010435302066654,-118.47999042461652,"(34.0104353020667, -118.479990424617)",,,060377022014020,06037702201
150128344,Violation of Posted SIgn,10/01/2015,2100BLK 20TH ST,B002,0B2C,10/01/2015 11:04:59 AM,10/01/2015 11:27:41 AM,Gone on Arrival,34.019116320400684,-118.46924242719477,"(34.0191163204007, -118.469242427195)",,,060377022011014,06037702201
150128343,Family Disturbance,10/01/2015,2600BLK 23RD ST,B002,0B2C,10/01/2015 11:03:55 AM,10/01/2015 11:31:13 AM,Advisal,34.015117108375051,-118.46161862301621,"(34.0151171083751, -118.461618623016)",,,060377023003018,06037702300
150128341,Vehicle Parked on Sidewalk,10/01/2015,1700BLK SUNSET AVE,B002,0B2C,10/01/2015 10:57:16 AM,10/01/2015 11:32:17 AM,Citation/Oth Enforcement,0,0,"(0, 0)",,,060377022023012,06037702202
150128340,Warrant Suspect Pick Up,10/01/2015,400BLK NORTH CITRUS,9999,9999,10/01/2015 10:55:51 AM,10/01/2015 04:53:24 PM,Other,,,,,,,
150128339,Pedestrian Stop,10/01/2015,17TH ST / WILSHIRE BLVD,B003,0B3A,10/01/2015 10:55:02 AM,10/01/2015 12:16:24 PM,Other,34.029078078146284,-118.48600967299558,"(34.0290780781463, -118.486009672996)",,,060377015021005,06037701502
150128338,Mark & Tag Abandoned Vehicle,10/01/2015,1300BLK 5TH ST,B001,0B1J,10/01/2015 10:54:59 AM,10/01/2015 12:36:25 PM,Impound,34.017851475580848,-118.49498865782543,"(34.0178514755808, -118.494988657825)",,,060377019021010,06037701902
150128337,Indecent Exposure Now,10/01/2015,1800BLK THE BEACH,B001,0B1E,10/01/2015 10:54:23 AM,10/01/2015 08:08:17 PM,Arrest,0,0,"(0, 0)",,,060377021021003,06037702102
150128336,Traffic/Vehicle Stop,10/01/2015,1600BLK PEARL ST,B002,0B2C,10/01/2015 10:52:51 AM,10/01/2015 11:08:45 AM,Citation/Oth Enforcement,34.014282974909449,-118.47141969887747,"(34.0142829749094, -118.471419698877)",,,060377022011018,06037702201
150128335,Suspicious Person,10/01/2015,2000BLK WASHINGTON AVE,B004,0B4E,10/01/2015 10:52:18 AM,10/01/2015 11:58:15 AM,Checks Okay,34.034144776440677,-118.48633039406141,"(34.0341447764407, -118.486330394061)",,,060377016014013,06037701601
150128334,Pedestrian Stop,10/01/2015,1500BLK 15TH ST,B003,0B3C,10/01/2015 10:50:01 AM,10/01/2015 10:51:29 AM,Advisal,34.023471042490755,-118.48313647945042,"(34.0234710424908, -118.48313647945)",,,060377017022013,06037701702
150128333,Mark & Tag Abandoned Vehicle,10/01/2015,600BLK HILL ST,B002,0B2A,10/01/2015 10:48:38 AM,10/01/2015 10:56:18 AM,Citation/Oth Enforcement,34.00458218495821,-118.47671575466333,"(34.0045821849582, -118.476715754663)",,,060377021026007,06037702102
150128331,Mark & Tag Abandoned Vehicle,10/01/2015,600BLK HILL ST,B002,0B2A,10/01/2015 10:44:33 AM,10/01/2015 10:51:44 AM,Citation/Oth Enforcement,34.00458218495821,-118.47671575466333,"(34.0045821849582, -118.476715754663)",,,060377021026006,06037702102
150128330,Traffic/Vehicle Stop,10/01/2015,14TH ST / PICO BLVD,B002,0B2B,10/01/2015 10:43:53 AM,10/01/2015 10:58:31 AM,Citation/Oth Enforcement,34.016023313334827,-118.47592709481624,"(34.0160233133348, -118.475927094816)",,,060377018022016,06037701802
150128329,Disturbance at a Business,10/01/2015,1300BLK WILSHIRE BLVD ,B004,0B4E,10/01/2015 10:42:02 AM,10/01/2015 11:46:12 AM,Gone on Arrival,34.026392465813018,-118.48931875364931,"(34.026392465813, -118.489318753649)",,,060377015022004,06037701502
150128328,Grand Theft Auto Report,10/01/2015,700BLK 23RD ST,B004,0B4A,10/01/2015 10:31:14 AM,10/01/2015 10:31:14 AM,File Only,34.040016179954556,-118.4869966783633,"(34.0400161799546, -118.486996678363)",,,060377012012017,06037701201
150128327,Suspicious Vehicle,10/01/2015,1500BLK GRANT ST,B002,0B2B,10/01/2015 10:29:57 AM,10/01/2015 10:42:29 AM,Checks Okay,34.014964783722057,-118.47412997811604,"(34.0149647837221, -118.474129978116)",,,060377022013004,06037702201
150128326,Indecent Exposure Now,10/01/2015,00BLK PICO BLVD ,B001,0B1G,10/01/2015 10:29:21 AM,10/01/2015 10:52:07 AM,Gone on Arrival,34.006526615866015,-118.49174444175654,"(34.006526615866, -118.491744441757)",,,060377020021016,06037702002
150128169,Periodic Check,10/01/2015,2100BLK 6TH ST,B002,0B2A,10/01/2015 12:51:08 AM,10/01/2015 01:00:49 AM,Checks Okay,34.0092920388642,-118.48394725640972,"(34.0092920388642, -118.48394725641)",,,060377020024002,06037702002
150128167,Trespassing,10/01/2015,1300BLK PACIFIC COAST HWY,B001,0B1L,10/01/2015 12:48:55 AM,10/01/2015 01:07:29 AM,Advisal,34.0142234298097,-118.49927866667106,"(34.0142234298097, -118.499278666671)",,,060377019023037,06037701902
150128166,Assistance Call,10/01/2015,700BLK EUCLID ST,B004,0B4B,10/01/2015 12:47:20 AM,10/01/2015 01:15:37 AM,Assist,34.031910236111614,-118.49668671477275,"(34.0319102361116, -118.496686714773)",,,060377013044001,06037701304
150128165,Periodic Check,10/01/2015,1400BLK LINCOLN BLVD,B001,0B1J,10/01/2015 12:47:11 AM,10/01/2015 12:52:13 AM,Checks Okay,34.019441945765536,-118.49132499063923,"(34.0194419457655, -118.491324990639)",,,060377019021019,06037701902
150128164,Periodic Check,10/01/2015,1100BLK LINCOLN BLVD,B001,0B1M,10/01/2015 12:43:37 AM,10/01/2015 12:50:02 AM,Checks Okay,34.023501986409919,-118.49607035612145,"(34.0235019864099, -118.496070356121)",,,060377014024009,06037701402
150128163,Loud Music,10/01/2015,11TH ST / SAN VICENTE BLVD,B004,0B4B,10/01/2015 12:36:16 AM,10/01/2015 12:55:47 AM,Advisal,34.036634093244821,-118.50590604952897,"(34.0366340932448, -118.505906049529)",,,060377013041002,06037701304
150128162,Auto Burglary Report,10/01/2015,2ND ST / WILSHIRE BLVD,B001,0B1K,10/01/2015 12:29:59 AM,10/01/2015 01:31:44 AM,Report,34.017578358387425,-118.50019300019191,"(34.0175783583874, -118.500193000192)",,,060377019022007,06037701902
150128161,Trespassing,10/01/2015,200BLK BAY ST,B002,0B2A,10/01/2015 12:29:56 AM,10/01/2015 01:12:21 AM,Advisal,34.0077078037996,-118.48812546052035,"(34.0077078037996, -118.48812546052)",,,060377020021002,06037702002
150128160,Suspicious Person,10/01/2015,1400BLK SANTA MONICA BLVD,B003,0B3B,10/01/2015 12:23:31 AM,10/01/2015 12:40:30 AM,Checks Okay,34.024465667068604,-118.48522162248068,"(34.0244656670686, -118.485221622481)",,,060377017022003,06037701702
150128159,Periodic Check,10/01/2015,500BLK PACIFIC COAST HWY,B001,0B1A,10/01/2015 12:22:00 AM,10/01/2015 12:23:19 AM,Checks Okay,34.023430579331517,-118.51079090739002,"(34.0234305793315, -118.51079090739)",,,060377013043022,06037701304
150128157,Audible Burglar Alarm,10/01/2015,1600BLK 9TH ST,B003,0B3C,10/01/2015 12:06:47 AM,10/01/2015 12:27:33 AM,Checks Okay,34.016410258909467,-118.48594319861147,"(34.0164102589095, -118.485943198611)",,,060377018024025,06037701802
150128156,Disturbance of the Peace,10/01/2015,1400BLK 14TH ST,B003,0B3B,10/01/2015 12:00:51 AM,10/01/2015 12:01:36 AM,Cancelled,34.023414328526378,-118.48491404954083,"(34.0234143285264, -118.484914049541)",,,060377017022004,06037701702
